{
    "name":"Navmesh.008Geometry.1",
    "metadata":{
        "faces":56,
        "vertices":52,
        "version":3,
        "normals":55,
        "generator":"io_three",
        "type":"Geometry"
    },
    "normals":[-0,-0,-1,-0,-0,-1,-0,-0,-1,0,-0,-1,0,-0,-1,0,-0,-1,0,-0,-1,0,-0,-1,-0,-0,-1,0,-0,-1,0,-0,-1,-0,-0,-1,0,-0,-1,0,-0,-1,0,-0,-1,-0,-0,-1,0,-0,-1,-0,-0,-1,0,-0,-1,-0,-0,-1,0,-0,-1,0,-0,-1,0,-0,-1,0,-0,-1,0,-0,-1,0,-0,-1,0,-0,-1,0,-0,-1,-0,-0,-1,-0,-0,-1,0,-0,-1,0,-0,-1,-0,-0,-1,-0,-0,-1,-0,-0,-1,-0,-0,-1,0,-0,-1,0,-0,-1,-0,-0,-1,-0,-0,-1,0,-0,-1,-0,-0,-1,0,-0,-1,0,-0,-1,0,-0,-1,0,-0,-1,-0,-0,-1,0,-0,-1,0,-0,-1,0,-0,-1,0,-0,-1,0,-0,-1,-0,-0,-1,0,-0,-1,0,-0,-1],
    "faces":[32,14,13,12,0,0,0,32,37,3,36,1,1,1,32,36,3,4,2,2,2,32,32,23,22,3,3,3,32,43,42,41,4,4,4,32,25,24,23,5,5,5,32,1,0,44,6,6,6,32,44,0,45,7,7,7,32,11,10,9,8,8,8,32,46,45,41,9,9,9,32,41,45,43,10,10,10,32,43,45,0,11,11,11,32,12,11,8,12,12,12,32,8,11,9,13,13,13,32,10,26,30,14,14,14,32,30,26,31,15,15,15,32,15,14,7,16,16,16,32,7,14,8,17,17,17,32,8,14,12,18,18,18,32,23,32,25,19,19,19,32,25,32,31,20,20,20,32,34,38,35,21,21,21,32,35,38,36,22,22,22,32,36,38,37,23,23,23,32,10,30,9,24,24,24,32,9,30,27,25,25,25,32,27,30,29,26,26,26,32,27,29,28,27,27,27,32,31,26,25,28,28,28,32,50,20,51,29,29,29,32,51,20,19,30,30,30,32,18,17,16,31,31,31,32,48,47,33,32,32,32,32,47,46,40,33,33,33,32,40,46,41,34,34,34,32,2,6,3,35,35,35,32,3,6,4,36,36,36,32,4,6,5,37,37,37,32,1,44,16,38,38,38,32,16,44,18,39,39,39,32,18,44,19,40,40,40,32,19,44,51,41,41,41,32,1,16,2,42,42,42,32,2,16,15,43,43,43,32,2,15,7,44,44,44,32,2,7,6,45,45,45,32,34,33,39,46,46,46,32,39,33,40,47,47,47,32,40,33,47,48,48,48,32,39,38,34,49,49,49,32,49,33,50,50,50,50,32,50,33,20,51,51,51,32,20,33,21,52,52,52,32,49,48,33,53,53,53,32,33,32,21,54,54,54,32,21,32,22,54,54,54],
    "vertices":[-4.74266,-0.236764,-0.11183,-1.44266,-0.236764,-0.11183,-1.24266,-0.236764,-0.31183,-1.24266,-0.236764,-2.21183,-0.642658,-0.236764,-2.81183,0.757342,-0.236764,-2.81183,0.757342,-0.236764,-1.11183,0.857341,-0.236764,-0.31183,1.05734,-0.236764,-0.11183,2.95734,-0.236764,-0.111829,2.35734,-0.236764,0.98817,2.15734,-0.236764,0.788171,1.05734,-0.236764,0.78817,0.857341,-0.236764,1.28817,0.657341,-0.236764,1.08817,-0.442659,-0.236764,1.08817,-0.642659,-0.236764,1.28817,-0.642659,-0.236764,3.08817,-1.24266,-0.236764,3.08817,-1.44266,-0.236764,3.28817,-1.44266,-0.236764,4.48817,-1.24266,-0.236764,4.68817,1.15734,-0.236764,4.68817,1.35734,-0.236764,4.48817,1.35734,-0.236764,3.68817,2.15734,-0.236764,3.68817,2.35734,-0.236764,3.48817,3.15734,-0.236764,-0.411829,4.45734,-0.236764,-0.411829,4.45734,-0.236764,3.18817,3.75734,-0.236764,3.18817,3.55734,-0.236764,3.38817,3.65734,-0.236764,4.78817,-7.14266,-0.236764,4.78817,-7.14266,-0.236764,-3.71183,-0.842658,-0.236764,-3.71183,-0.842658,-0.236764,-3.01183,-1.44266,-0.236764,-2.41183,-5.94266,-0.236764,-2.41183,-6.14266,-0.236764,-2.21183,-6.14266,-0.236764,-1.01183,-5.94266,-0.236764,-0.81183,-4.94266,-0.236764,-0.81183,-4.94266,-0.236764,-0.31183,-4.14266,-0.236764,1.18817,-4.34266,-0.236764,0.98817,-6.04266,-0.236764,0.98817,-6.24266,-0.236764,1.18817,-6.24266,-0.236764,3.98817,-6.04266,-0.236764,4.18817,-4.34266,-0.236764,4.18817,-4.14266,-0.236764,3.98817]
}