{
    "materials":[{
        "shading":"phong",
        "blending":"NormalBlending",
        "mapDiffuse":"perks.png",
        "mapDiffuseRepeat":[1,1],
        "wireframe":false,
        "DbgIndex":0,
        "depthTest":true,
        "colorSpecular":[0.052941,0.052941,0.052941],
        "vertexColors":false,
        "mapDiffuseAnisotropy":1,
        "opacity":1,
        "mapDiffuseWrap":["RepeatWrapping","RepeatWrapping"],
        "DbgName":"UNIFIED",
        "colorEmissive":[0.088941,0.088941,0.088941],
        "depthWrite":true,
        "transparent":false,
        "DbgColor":15658734,
        "visible":true,
        "specularCoef":50
    }],
    "metadata":{
        "materials":1,
        "version":3,
        "faces":34,
        "vertices":26,
        "normals":32,
        "uvs":1,
        "colors":0,
        "generator":"io_three",
        "type":"Geometry"
    },
    "normals":[-0.885541,0,0.464561,0,-0.751336,0.659919,0.885541,0,0.464561,0,0.751336,0.659919,0,0,1,0,-0.373155,-0.927769,0,-0.373155,-0.927769,-0.440455,-0.223648,-0.869472,-0.367157,-0,-0.930159,-0.367157,-0,-0.930159,-1,0,-0,-0.367157,-0,-0.930159,-0.367157,-0,-0.930159,-0,0.373155,-0.927769,0,0.373155,-0.927769,0,0.373155,-0.927769,0.367157,-0,-0.930159,0.367157,-0,-0.930159,1,0,-0,0.367157,-0,-0.930159,0.367157,-0,-0.930159,-0.540668,-0.324935,-0.775948,-0.628733,-0,-0.777621,-0.482616,0.165463,-0.860061,0.497645,0.187896,-0.846785,0.356071,-0.361601,-0.86166,-0.679842,0.030248,-0.732735,0.769607,0.214617,-0.601369,-0.388044,0.39407,-0.833145,0.24799,0.251842,-0.935455,-0.008863,-0.4724,-0.88134,-0.252649,0.066123,-0.965296],
    "uvs":[[0.379429,0.968837,0.379429,0.992682,0.376827,0.990158,0.376827,0.971362,0.365222,0.970915,0.37333,0.970915,0.372471,0.973098,0.366081,0.973098,0.376827,0.968837,0.376827,0.992682,0.374224,0.990158,0.374224,0.971362,0.37333,0.99153,0.365222,0.99153,0.366081,0.989347,0.372471,0.989347,0.007999,0.996758,0.00719,0.709307,0.025227,0.72025,0.02508,0.848132,0.024934,0.976015,0.26056,0.902436,0.359547,0.911379,0.359474,0.97532,0.275839,0.975493,0.378406,0.712144,0.359767,0.719555,0.276132,0.719729,0.192497,0.719902,0.108862,0.720076,0.379215,0.995916,0.35962,0.847437,0.108569,0.975841,0.192204,0.975667,0.077106,0.911948,0.128786,0.863687,0.160495,0.919677,0.244792,0.793864]],
    "colors":[],
    "faces":[43,1,0,4,5,0,2,3,0,1,0,0,0,0,43,5,6,2,1,0,4,5,6,7,1,1,1,1,43,6,7,3,2,0,8,9,10,11,2,2,2,2,43,0,3,7,4,0,14,15,12,13,3,3,3,3,43,0,1,2,3,0,14,7,6,15,4,4,4,4,42,8,4,7,0,20,16,17,5,5,5,42,7,11,15,0,17,18,19,5,5,5,42,7,15,8,0,17,19,20,6,6,6,43,25,23,9,17,0,21,22,23,24,7,7,7,7,42,11,7,6,0,18,17,25,8,8,8,42,6,10,18,0,25,26,27,9,9,9,42,18,14,20,0,27,28,29,10,10,10,42,20,11,6,0,29,18,25,11,11,11,42,6,18,20,0,25,27,29,12,12,12,42,10,6,5,0,26,25,30,13,13,13,42,5,9,23,0,30,23,22,14,14,14,42,13,10,5,0,31,26,30,15,15,15,42,5,23,13,0,30,22,31,15,15,15,42,9,5,4,0,23,30,16,16,16,16,42,4,8,21,0,16,20,32,17,17,17,42,21,12,17,0,32,33,24,18,18,18,42,17,9,4,0,24,23,16,19,19,19,42,4,21,17,0,16,32,24,20,20,20,42,21,22,16,0,32,34,35,21,21,21,42,24,12,21,0,36,33,32,22,22,22,42,16,24,21,0,35,36,32,23,23,23,43,20,14,16,22,0,29,28,35,34,24,24,24,24,43,18,10,13,19,0,27,26,31,37,25,25,25,25,43,24,25,17,12,0,36,21,24,33,26,26,26,26,43,14,18,19,16,0,28,27,37,35,27,27,27,27,43,15,22,21,8,0,19,34,32,20,28,28,28,28,43,11,20,22,15,0,18,29,34,19,29,29,29,29,43,19,13,23,25,0,37,31,22,21,30,30,30,30,43,16,19,25,24,0,35,37,21,36,31,31,31,31],
    "vertices":[-0.515638,-0.197502,0.877392,-0.515638,-0.197502,-0.871258,0.528795,-0.197502,-0.871258,0.528795,-0.197502,0.877392,-0.655931,0.069922,1.11228,-0.655931,0.069922,-1.10614,0.669088,0.069922,-1.10614,0.669088,0.069922,1.11228,-0.458013,-0.008201,0.918041,-0.458013,-0.008201,-0.911907,0.47117,-0.008201,-0.911907,0.47117,-0.008201,0.918041,-0.458013,-0.008201,0.003067,0.006578,-0.008201,-0.911907,0.47117,-0.008201,0.003067,0.006578,-0.008201,0.918041,0.020039,0.280467,0.354452,-0.458013,-0.008201,-0.45442,0.47117,-0.008201,-0.45442,0.28058,0.336276,-0.278728,0.47117,-0.008201,0.460554,-0.458013,-0.008201,0.460554,-0.199542,0.24547,0.636247,-0.225717,-0.008201,-0.911907,-0.238875,0.168979,0.178759,-0.161237,0.282411,-0.366574],
    "name":"Cube.011Geometry"
}