{
    "materials":[{
        "shading":"phong",
        "blending":"NormalBlending",
        "mapDiffuse":"campus.png",
        "mapDiffuseRepeat":[1,1],
        "wireframe":false,
        "DbgIndex":0,
        "depthTest":true,
        "colorSpecular":[0.120959,0.120959,0.120959],
        "vertexColors":false,
        "mapDiffuseAnisotropy":1,
        "opacity":1,
        "mapDiffuseWrap":["RepeatWrapping","RepeatWrapping"],
        "DbgName":"Campus",
        "colorEmissive":[0.333924,0.333924,0.333924],
        "depthWrite":true,
        "transparent":true,
        "DbgColor":15658734,
        "visible":true,
        "specularCoef":50
    }],
    "metadata":{
        "materials":1,
        "version":3,
        "faces":63,
        "vertices":45,
        "normals":45,
        "uvs":1,
        "colors":0,
        "generator":"io_three",
        "type":"Geometry"
    },
    "normals":[-1,0,0,0,-1,-0,1,0,0,1,0,-0,0,0,1,0,0,1,0,-0,-1,0,-0,-1,0,1,-0,0,1,0,0,0,1,0,-0,-1,-1,-0,-0,0,0,1,0,0,1,0,0,1,1,0,-0,0,0,1,0,-0,1,1,-0,-0,-1,0,-0,0,-0,-1,0,1,-0,-0,-1,-0,0,1,-0,-0.723788,0.690022,-0,0,0,-1,-1,-0,-0,-0,1,-0,0,1,0,0,0,-1,0.739941,-0.672672,-0,0,-0,-1,-0.750773,-0.660561,-0,0,0,1,0.610498,0.792017,-0,0,0,1,0,0,1,-0.516027,0.856572,-0,0.999974,0.007232,-0,0,-0,-1,0,0,1,-0.002542,0.999997,-0,0.67953,0.733648,-0,0,0,1],
    "uvs":[[0.034858,0.004487,0.032031,0.004487,0.032031,0.003948,0.034858,0.003948,0.036447,0.004487,0.036447,0.003948,0.034074,0.004487,0.032031,0.003939,0.034074,0.003939,0.040733,0.001146,0.045479,0.001146,0.045479,0.005891,0.040733,0.005891,0.043106,0.005891,0.045405,0.00426,0.044515,0.001591,0.041697,0.001591,0.040808,0.00426,0.035278,0.004487,0.032031,0.003926,0.035278,0.003926,0.038036,0.004487,0.034855,0.004487,0.034855,0.003948,0.038036,0.003948,0.034088,0.004487,0.032031,0.003953,0.034088,0.003953]],
    "colors":[],
    "faces":[43,1,0,14,15,0,2,3,0,1,0,0,0,0,43,15,16,2,1,0,4,1,2,5,1,1,1,1,43,16,17,3,2,0,6,1,7,8,2,2,2,2,43,18,8,12,20,0,9,10,11,12,3,3,3,3,42,9,0,1,0,17,13,14,4,4,4,42,1,2,3,0,14,15,16,5,5,5,42,1,3,9,0,14,16,17,5,5,5,42,8,7,6,0,17,13,14,6,6,6,42,6,5,4,0,14,15,16,6,6,6,42,6,4,8,0,14,16,17,7,7,7,43,17,18,9,3,0,18,1,19,20,8,8,8,8,43,20,19,10,13,0,6,1,7,8,9,9,9,9,43,0,9,13,10,0,9,10,11,12,10,10,10,10,43,8,4,11,12,0,9,10,11,12,11,11,11,11,43,14,0,10,19,0,21,22,23,24,12,12,12,12,43,15,14,36,37,0,9,10,11,12,13,13,13,13,43,16,15,23,24,0,9,10,11,12,14,14,14,14,43,17,16,27,28,0,9,10,11,12,15,15,15,15,43,9,18,20,13,0,25,1,26,27,16,16,16,16,43,18,17,31,32,0,9,10,11,12,17,17,17,17,43,19,20,42,41,0,9,10,11,12,18,18,18,18,43,14,19,38,36,0,9,10,11,12,10,10,10,10,43,21,22,24,23,0,9,10,11,12,1,1,1,1,43,6,16,24,22,0,9,10,11,12,19,19,19,19,43,15,5,21,23,0,9,10,11,12,20,20,20,20,43,5,6,22,21,0,9,10,11,12,21,21,21,21,43,25,26,28,27,0,9,10,11,12,2,2,2,2,43,7,17,28,26,0,9,10,11,12,22,22,22,22,43,16,6,25,27,0,9,10,11,12,23,23,23,23,43,6,7,26,25,0,9,10,11,12,6,6,6,6,43,29,30,32,31,0,9,10,11,12,24,24,24,24,43,8,18,32,30,0,9,10,11,12,25,25,25,25,43,17,7,29,31,0,9,10,11,12,3,3,3,3,43,7,8,30,29,0,9,10,11,12,26,26,26,26,43,33,34,37,36,0,9,10,11,12,20,20,20,20,43,33,36,38,35,0,9,10,11,12,27,27,27,27,43,5,15,37,34,0,9,10,11,12,1,1,1,1,43,11,4,33,35,0,9,10,11,12,11,11,11,11,43,19,11,35,38,0,9,10,11,12,28,28,28,28,43,4,5,34,33,0,9,10,11,12,7,7,7,7,43,40,39,41,42,0,9,10,11,12,29,29,29,29,43,20,12,40,42,0,9,10,11,12,16,16,16,16,43,12,11,39,40,0,9,10,11,12,30,30,30,30,43,11,19,41,39,0,9,10,11,12,12,12,12,12,42,6,25,22,0,9,10,11,21,21,21,43,22,25,27,24,0,9,10,11,12,31,31,31,31,42,16,24,27,0,9,10,11,14,14,14,42,34,5,21,0,9,10,11,32,32,32,43,37,34,21,23,0,9,10,11,12,33,33,33,33,42,37,23,15,0,9,10,11,34,34,34,42,7,29,26,0,9,10,11,30,30,30,43,26,29,31,28,0,9,10,11,12,35,35,35,35,42,31,17,28,0,9,10,11,36,36,36,42,11,39,35,0,9,10,11,37,37,37,43,41,39,35,38,0,9,10,11,12,38,38,38,38,42,41,38,19,0,9,10,11,37,37,37,43,43,32,30,44,0,9,10,11,12,39,39,39,39,43,30,8,12,44,0,9,10,11,12,40,40,40,40,43,32,43,20,18,0,9,10,11,12,41,41,41,41,43,20,43,44,12,0,9,10,11,12,42,42,42,42,42,12,40,44,0,9,10,11,26,26,26,43,44,40,42,43,0,9,10,11,12,43,43,43,43,42,43,42,20,0,9,10,11,44,44,44],
    "vertices":[-0.824715,-0.161004,0.075616,-0.824715,-0.161004,-0.554867,1.22181,-0.161004,-0.554867,1.22181,-0.161004,0.075616,-0.824715,0.129727,0.075616,-0.824715,0.129727,-0.554867,1.22181,0.129727,-0.554867,1.22181,0.129727,0.075616,-0.221834,0.129727,0.075616,-0.221834,-0.161004,0.075616,-0.824715,-0.161004,0.981652,-0.824715,0.129727,0.981652,-0.221834,0.129727,0.981652,-0.221834,-0.161004,0.981652,-0.824715,0.085224,0.075616,-0.824715,0.085224,-0.554867,1.22181,0.085224,-0.554867,1.22181,0.085224,0.075616,-0.221834,0.085224,0.075616,-0.824715,0.085224,0.981652,-0.221834,0.085224,0.981652,-0.824715,0.129727,-0.618846,1.22181,0.129727,-0.618846,-0.824715,0.085224,-0.618846,1.22181,0.085224,-0.618846,1.27998,0.129727,-0.554867,1.27998,0.129727,0.075616,1.27998,0.085224,-0.554867,1.27998,0.085224,0.075616,1.22181,0.129727,0.120448,-0.179094,0.129727,0.120448,1.22181,0.085224,0.120448,-0.179094,0.085224,0.120448,-0.881006,0.129727,0.075616,-0.881006,0.129727,-0.554867,-0.881006,0.129727,0.981652,-0.881006,0.085224,0.075616,-0.881006,0.085224,-0.554867,-0.881006,0.085224,0.981652,-0.824715,0.129727,1.01556,-0.221834,0.129727,1.01556,-0.824715,0.085224,1.01556,-0.221834,0.085224,1.01556,-0.185322,0.085224,0.981744,-0.185322,0.129727,0.981744],
    "name":"Cube.000Geometry"
}