{
    "materials":[{
        "shading":"phong",
        "blending":"NormalBlending",
        "mapDiffuse":"perks.png",
        "mapDiffuseRepeat":[1,1],
        "wireframe":false,
        "DbgIndex":0,
        "depthTest":true,
        "colorSpecular":[0.052941,0.052941,0.052941],
        "vertexColors":false,
        "mapDiffuseAnisotropy":1,
        "opacity":1,
        "mapDiffuseWrap":["RepeatWrapping","RepeatWrapping"],
        "DbgName":"UNIFIED",
        "colorEmissive":[0.088941,0.088941,0.088941],
        "depthWrite":true,
        "transparent":false,
        "DbgColor":15658734,
        "visible":true,
        "specularCoef":50
    }],
    "metadata":{
        "materials":1,
        "version":3,
        "faces":36,
        "vertices":32,
        "normals":34,
        "uvs":1,
        "colors":0,
        "generator":"io_three",
        "type":"Geometry"
    },
    "normals":[0.382683,-0.92388,0,0.92388,-0.382683,0,0.92388,0.382683,-0,0.382683,0.92388,-0,-0.382683,0.92388,-0,-0.92388,0.382683,-0,-0.250685,-0.605207,0.755567,-0.382683,-0.92388,0,-0.92388,-0.382683,0,-0.195354,-0.471625,-0.859887,-0,0,1,0,-0,1,0,0,1,-0,-0,1,-0.471625,-0.195353,-0.859887,-0.471625,0.195353,-0.859887,-0.195354,0.471625,-0.859888,0.195354,0.471625,-0.859888,0.471625,0.195354,-0.859888,0.471625,-0.195354,-0.859887,0.195354,-0.471625,-0.859888,-0,0,-1,0,0,-1,-0,0,-1,0,0,-1,0,-0,-1,0,-0,-1,-0.605207,-0.250685,0.755567,-0.605207,0.250685,0.755567,-0.250685,0.605207,0.755567,0.250685,0.605207,0.755567,0.605207,0.250685,0.755567,0.605207,-0.250685,0.755567,0.250685,-0.605207,0.755567],
    "uvs":[[0.053546,0.013375,0.053546,0.009738,0.053727,0.009738,0.053727,0.013375,0.052979,0.009738,0.052979,0.013375,0.052851,0.013375,0.052851,0.009738,0.05267,0.013375,0.05267,0.009738,0.052541,0.013375,0.052541,0.009738,0.053108,0.009738,0.053108,0.013375,0.053289,0.009738,0.053289,0.013375,0.055307,0.013695,0.055307,0.014406,0.054365,0.014406,0.054365,0.013695,0.053418,0.013375,0.053418,0.009738,0.049482,0.011332,0.04932,0.011506,0.048415,0.011106,0.049108,0.010366,0.050781,0.012153,0.050781,0.011106,0.051474,0.010366,0.052453,0.010366,0.053146,0.011106,0.053146,0.012153,0.052453,0.012893,0.051474,0.012893,0.049713,0.011332,0.050088,0.010366,0.049876,0.011506,0.049876,0.011752,0.050781,0.012153,0.049713,0.011926,0.050088,0.012893,0.049482,0.011926,0.049108,0.012893,0.04932,0.011752,0.048415,0.012153,0.058392,0.01339,0.057501,0.014223,0.056243,0.014222,0.055353,0.013389,0.055353,0.01221,0.056244,0.011377,0.057502,0.011378,0.058392,0.012211,0.055309,0.008716,0.055309,0.009427,0.054367,0.009427,0.054367,0.008716,0.055308,0.010139,0.054367,0.010138,0.055308,0.01085,0.054366,0.01085,0.055308,0.011561,0.054366,0.011561,0.055308,0.012272,0.054366,0.012272,0.055308,0.012984,0.054366,0.012983]],
    "colors":[],
    "faces":[43,0,1,3,2,0,0,1,2,3,0,0,0,0,43,2,3,5,4,0,4,5,6,7,1,1,1,1,43,4,5,7,6,0,7,6,8,9,2,2,2,2,43,6,7,9,8,0,9,8,10,11,3,3,3,3,43,8,9,11,10,0,5,4,12,13,4,4,4,4,43,10,11,13,12,0,13,12,14,15,5,5,5,5,43,1,15,31,24,0,16,17,18,19,6,6,6,6,43,1,0,14,15,0,1,0,20,21,7,7,7,7,43,12,13,15,14,0,15,14,21,20,8,8,8,8,43,14,0,16,23,0,22,23,24,25,9,9,9,9,42,23,16,17,0,33,26,27,10,10,10,42,17,18,19,0,27,28,29,11,11,11,42,19,20,21,0,29,30,31,12,12,12,42,21,22,23,0,31,32,33,12,12,12,42,23,17,19,0,33,27,29,13,13,13,42,19,21,23,0,29,31,33,12,12,12,43,12,14,23,22,0,34,22,25,35,14,14,14,14,43,10,12,22,21,0,36,34,35,27,15,15,15,15,43,8,10,21,20,0,37,36,27,38,16,16,16,16,43,6,8,20,19,0,39,37,38,40,17,17,17,17,43,4,6,19,18,0,41,39,40,42,18,18,18,18,43,2,4,18,17,0,43,41,42,44,19,19,19,19,43,0,2,17,16,0,23,43,44,24,20,20,20,20,42,26,25,24,0,52,45,46,21,21,21,42,24,31,30,0,46,47,48,22,22,22,42,30,29,28,0,48,49,50,23,23,23,42,28,27,26,0,50,51,52,24,24,24,42,26,24,30,0,52,46,48,25,25,25,42,30,28,26,0,48,50,52,26,26,26,43,15,13,30,31,0,53,54,55,56,27,27,27,27,43,13,11,29,30,0,54,57,58,55,28,28,28,28,43,11,9,28,29,0,57,59,60,58,29,29,29,29,43,9,7,27,28,0,59,61,62,60,30,30,30,30,43,7,5,26,27,0,61,63,64,62,31,31,31,31,43,5,3,25,26,0,63,65,66,64,32,32,32,32,43,3,1,24,25,0,65,16,19,66,33,33,33,33],
    "vertices":[0,-0.380686,-0.052265,0,0.369993,-0.052265,0.036957,-0.380686,-0.036957,0.036957,0.369993,-0.036957,0.052265,-0.380686,0,0.052265,0.369993,-0,0.036957,-0.380686,0.036957,0.036957,0.369993,0.036957,0,-0.380686,0.052265,0,0.369993,0.052265,-0.036957,-0.380686,0.036957,-0.036957,0.369993,0.036957,-0.052265,-0.380686,0,-0.052265,0.369993,-0,-0.036957,-0.380686,-0.036957,-0.036957,0.369993,-0.036957,0,-0.474006,-0.222411,0.157268,-0.474006,-0.157268,0.222411,-0.474006,0,0.157268,-0.474006,0.157268,0,-0.474006,0.222411,-0.157268,-0.474006,0.157268,-0.222411,-0.474006,0,-0.157268,-0.474006,-0.157268,-0,0.70107,-0.465596,0.329226,0.70107,-0.329226,0.465596,0.70107,-0,0.329226,0.70107,0.329226,-0,0.70107,0.465596,-0.329226,0.70107,0.329226,-0.465596,0.70107,-0,-0.329226,0.70107,-0.329226],
    "name":"Cylinder.004Geometry"
}