{
    "name":"CylinderGeometry.1",
    "vertices":[-0.187022,-0.175057,0.001095,-0.187022,-0.157902,0.03037,-0.187022,-0.123972,0.030151,-0.187022,-0.107196,0.000657,-0.187022,-0.124351,-0.028618,-0.187022,-0.158281,-0.028399,-0.187022,0.164248,-0.001095,-0.187022,0.147472,0.028399,-0.187022,0.113542,0.028618,-0.187022,0.096387,-0.000657,-0.187022,0.113162,-0.030151,-0.187022,0.147093,-0.030371,-0.27185,0.141518,-0.000949,-0.263367,0.127016,0.028531,-0.246402,0.097631,0.02872,-0.237919,0.082749,-0.000569,-0.246402,0.097252,-0.030049,-0.263367,0.126636,-0.030238,-0.333948,0.079421,-0.000548,-0.319256,0.071129,0.028892,-0.289871,0.054163,0.029001,-0.275178,0.045491,-0.000329,-0.28987,0.053784,-0.029768,-0.319256,0.070749,-0.029878,-0.356678,-0.005405,-0,-0.339712,-0.005215,0.029384,-0.305781,-0.005215,0.029384,-0.288816,-0.005405,-0,-0.305781,-0.005594,-0.029385,-0.339712,-0.005594,-0.029385,-0.333948,-0.090231,0.000547,-0.319256,-0.081559,0.029877,-0.289871,-0.064593,0.029768,-0.275178,-0.0563,0.000328,-0.28987,-0.064973,-0.029001,-0.319256,-0.081938,-0.028892,-0.27185,-0.152328,0.000948,-0.263367,-0.137446,0.030238,-0.246402,-0.108061,0.030048,-0.237919,-0.093559,0.000569,-0.246402,-0.108441,-0.028721,-0.263367,-0.137825,-0.028531,0.236973,-0.228857,0.067857,0.236973,0.218048,0.067857,0.156428,-0.228857,0.180037,0.156428,0.218048,0.180037,0.025327,-0.228857,0.223449,0.025327,0.218048,0.223449,-0.106252,-0.228857,0.181511,-0.106252,0.218048,0.181511,-0.188052,-0.228857,0.070242,-0.188052,0.218048,0.070242,-0.188827,-0.228857,-0.067857,-0.188827,0.218048,-0.067857,-0.108281,-0.228857,-0.180037,-0.108281,0.218048,-0.180037,0.022819,-0.228857,-0.223449,0.022819,0.218048,-0.223449,0.154399,-0.228857,-0.181511,0.154399,0.218048,-0.181511,0.236198,-0.228857,-0.070242,0.236198,0.218048,-0.070242,0.194218,0.218048,0.05423,0.129848,0.218048,0.143881,0.025075,0.218048,0.178575,-0.08008,0.218048,0.145059,-0.145452,0.218048,0.056136,-0.146071,0.218048,-0.05423,-0.081701,0.218048,-0.143881,0.023071,0.218048,-0.178575,0.128226,0.218048,-0.145059,0.193599,0.218048,-0.056136,0.194218,0.174238,0.05423,0.129848,0.174238,0.143881,0.025075,0.174238,0.178575,-0.08008,0.174238,0.145059,-0.145452,0.174238,0.056136,-0.146071,0.174238,-0.05423,-0.081701,0.174238,-0.143881,0.023071,0.174238,-0.178575,0.128226,0.174238,-0.145059,0.193599,0.174238,-0.056136],
    "uvs":[[0.004672,0.012274,0.004626,0.012169,0.004621,0.012168,0.004638,0.012227,0.004613,0.012162,0.004624,0.012197,0.004607,0.012155,0.004624,0.012181,0.004605,0.012156,0.004633,0.012185,0.004609,0.012167,0.004648,0.012212,0.004589,0.012115,0.004589,0.012116,0.004587,0.012115,0.004583,0.01211,0.004582,0.01211,0.004585,0.012115,0.004558,0.012065,0.00456,0.012065,0.00456,0.012067,0.004558,0.012063,0.00456,0.012061,0.00456,0.012067,0.004539,0.01204,0.004513,0.01203,0.004514,0.012014,0.004528,0.012003,0.004546,0.011999,0.00456,0.012021,0.004761,0.011882,0.004704,0.012116,0.004502,0.012212,0.004295,0.012059,0.004357,0.011794,0.004595,0.011731,0.002938,0.009044,0.005559,0.00926,0.006758,0.011463,0.00558,0.013747,0.00288,0.013747,0.001604,0.011386,0.001604,0.009043,0.006758,0.009043,0.006758,0.014198,0.001604,0.014198,0.004181,0.014198,0.005696,0.013706,0.006632,0.012417,0.006632,0.010824,0.005696,0.009535,0.004181,0.009043,0.002666,0.009535,0.00173,0.010824,0.00173,0.012417,0.002666,0.013706,0.01944,0.006263,0.020955,0.005771,0.021891,0.004482,0.021891,0.00289,0.020955,0.001601,0.01944,0.001109,0.017925,0.001601,0.016989,0.00289,0.016989,0.004482,0.017925,0.005771]],
    "metadata":{
        "normals":79,
        "uvs":1,
        "colors":0,
        "version":3,
        "vertices":82,
        "faces":82,
        "type":"Geometry",
        "materials":1,
        "generator":"io_three"
    },
    "normals":[-0.226045,0.481602,-0.846737,-1e-06,0.999979,-0.006456,0.226044,0.492495,0.840448,0.226045,-0.481602,0.846737,1e-06,-0.999979,0.006456,-0.226044,-0.492495,-0.840448,-0.617566,0.483061,-0.620697,-1e-06,0.999979,-0.006456,0.617565,0.491036,0.614407,0.617566,-0.483061,0.620697,1e-06,-0.999979,0.006456,-0.617565,-0.491036,-0.614408,-0.843611,0.485588,-0.229184,-1e-06,0.999979,-0.006456,0.843609,0.488509,0.222896,0.84361,-0.485589,0.229185,1e-06,-0.999979,0.006456,-0.84361,-0.488508,-0.222895,-0.84361,0.488507,0.222896,-1e-06,0.999979,-0.006456,0.843609,0.48559,-0.229185,0.84361,-0.488507,-0.222896,1e-06,-0.999979,0.006456,-0.84361,-0.48559,0.229185,-0.617566,0.491035,0.614408,-1e-06,0.999979,-0.006456,0.617565,0.483062,-0.620697,0.617566,-0.491035,-0.614408,1e-06,-0.999979,0.006456,-0.617565,-0.483062,0.620697,-0.226045,0.492495,0.840448,-1e-06,0.999979,-0.006456,0.226044,0.481602,-0.846737,0.226045,-0.492494,-0.840448,1e-06,-0.999979,0.006456,-0.226044,-0.481602,0.846737,0.812303,0.583236,-0,0.314349,0.949308,-0,-0.303675,0.952776,-0,-0.805706,0.592316,-0,-0.999984,0.005612,-0,-0.812303,-0.583236,0,-0.314349,-0.949308,0,0.303675,-0.952776,0,-0,0,-1,0.999984,-0.005611,0,0.805706,-0.592316,0,-0,0,1,0,0,1,0,-0,1,0,0,1,-0,0,1,0,0,1,-0,0,1,0,0,1,-0.999984,0.005611,-0,0,-0,-1,-0,-0,-1,0,-0,-1,-0,-0,-1,0,0,-1,0,-0,-1,-0,-0,-1,0,-0,-1,-0,-0,-1,0,0,-1,-0,-0,-1,-0,0,-1,0,-0,-1,-0,-0,-1,-0.805706,0.592316,-0,-0.303675,0.952776,-0,0.314349,0.949307,-0,0.812303,0.583236,-0,0.999984,-0.005611,0,0.805706,-0.592316,0,0.303675,-0.952776,-0,-0.314349,-0.949308,-0,-0.812303,-0.583236,0],
    "materials":[{
        "specularCoef":50,
        "shading":"phong",
        "blending":"NormalBlending",
        "mapDiffuseAnisotropy":1,
        "opacity":1,
        "depthWrite":true,
        "mapDiffuse":"perks.png",
        "DbgIndex":0,
        "wireframe":false,
        "colorSpecular":[0.052941,0.052941,0.052941],
        "depthTest":true,
        "mapDiffuseWrap":["RepeatWrapping","RepeatWrapping"],
        "vertexColors":false,
        "transparent":false,
        "colorEmissive":[0.088941,0.088941,0.088941],
        "DbgName":"UNIFIED",
        "mapDiffuseRepeat":[1,1],
        "DbgColor":15658734,
        "visible":true
    }],