{
    "name":"Cube.002Geometry",
    "materials":[{
        "shading":"phong",
        "depthTest":true,
        "DbgName":"Everything",
        "visible":true,
        "vertexColors":false,
        "wireframe":false,
        "opacity":1,
        "DbgColor":15658734,
        "colorSpecular":[0.120959,0.120959,0.120959],
        "mapDiffuseWrap":["RepeatWrapping","RepeatWrapping"],
        "blending":"NormalBlending",
        "colorEmissive":[0.333924,0.333924,0.333924],
        "mapDiffuse":"office.png",
        "mapDiffuseAnisotropy":1,
        "DbgIndex":0,
        "transparent":false,
        "mapDiffuseRepeat":[1,1],
        "depthWrite":true,
        "specularCoef":50
    }],
    "normals":[-1,0,0,-0,-1,0,-0,-1,-0,0,-1,-0,1,0,-0,1,0,0,1,0,0,-0,1,-0,0,1,0,-0,1,0,0,0,1,0,-0,-1,0,-0,-1,-0,-0,-1,-0,-0,-1,0.956554,-0,-0.291556,0.293597,0.950164,-0.104829,0.376154,-0,-0.926557,-0,-0,-1,-0,-0.919802,-0.392383,-0,-0,-1,0.498118,0,-0.867109,0.376154,-0,-0.926557,-0,-0,-1,-0,0.895054,-0.445957,0.498118,0,-0.867109,0.191448,-0.978697,-0.074155],
    "uvs":[[0.001311,0.994637,0.001311,0.992931,0.001776,0.992931,0.001776,0.994637,0.023923,0.995073,0.023923,0.994763,0.024078,0.994608,0.024078,0.994298,0.024388,0.994298,0.024388,0.995073,0.002241,0.994637,0.002241,0.994482,0.002396,0.994482,0.002396,0.993242,0.002241,0.993087,0.002241,0.992931,0.002551,0.992931,0.002551,0.994637,0.002086,0.994637,0.002086,0.994947,0.002241,0.995102,0.002241,0.995412,0.001776,0.995412,0.00069,0.994637,0.00069,0.992931,0.002086,0.992931,0.002086,0.993242,0.002086,0.994482,0.026093,0.992902,0.026093,0.994143,0.025783,0.994143,0.025783,0.992902,0.000888,0.992765,0.002049,0.993207,0.000888,0.994096,0.001623,0.993818,0.001623,0.995058,0.001313,0.995058,0.001313,0.993818,0.024698,0.994298,0.024698,0.994608,0.001311,0.994947,0.001156,0.994947,0.001156,0.994637,0.002706,0.992931,0.002551,0.993242,0.003078,0.994034,0.001466,0.994637,0.001621,0.994637,0.001621,0.994947,0.001466,0.994947,0.001776,0.994947,0.001621,0.994792,0.001832,0.994325,0.002893,0.995429,0.000888,0.99502,0.026125,0.993758,0.026125,0.995089,0.025064,0.993986]],
    "metadata":{
        "version":3,
        "normals":27,
        "type":"Geometry",
        "faces":32,
        "generator":"io_three",
        "materials":1,
        "uvs":1,
        "colors":0,
        "vertices":22
    },
    "faces":[43,1,0,4,5,0,2,3,0,1,0,0,0,0,42,1,5,13,0,9,4,5,1,1,1,42,14,6,2,0,6,7,8,2,2,2,42,1,13,14,0,9,5,6,2,2,2,42,14,2,1,0,6,8,9,3,3,3,42,2,6,20,0,17,10,11,4,4,4,42,2,20,9,0,17,11,12,4,4,4,42,18,7,3,0,14,15,16,5,5,5,42,2,9,11,0,17,12,13,4,4,4,42,11,18,3,0,13,14,16,4,4,4,42,11,3,2,0,13,16,17,6,6,6,42,3,7,16,0,3,18,19,7,7,7,42,16,12,4,0,19,20,21,7,7,7,42,4,0,3,0,21,22,3,8,8,8,42,16,4,3,0,19,21,3,9,9,9,43,0,1,2,3,0,1,0,23,24,10,10,10,10,42,4,12,10,0,2,25,26,11,11,11,42,8,13,5,0,27,18,3,12,12,12,42,4,10,8,0,2,26,27,13,13,13,42,8,5,4,0,27,3,2,14,14,14,43,17,15,8,10,0,28,29,30,31,15,15,15,15,42,15,21,8,0,32,33,34,16,16,16,42,14,13,8,0,10,18,27,17,17,17,43,11,9,15,17,0,35,36,37,38,18,18,18,18,43,18,11,17,19,0,39,39,40,40,19,19,19,19,43,20,6,14,21,0,0,41,42,43,20,20,20,20,42,12,16,10,0,16,44,45,21,21,21,42,14,8,21,0,46,34,33,22,22,22,43,7,18,19,16,0,47,48,49,50,23,23,23,23,43,9,20,21,15,0,51,49,52,3,24,24,24,24,42,19,10,16,0,53,54,55,25,25,25,42,17,10,19,0,56,57,58,26,26,26],
    "vertices":[-0.36282,-0.2043,1.00397,-0.36282,-0.2043,-0.996027,0.428798,-0.2043,-0.996027,0.428798,-0.2043,1.00397,-0.36282,0.279917,1.00397,-0.36282,0.279917,-0.996027,0.428798,0.17874,-0.996027,0.428798,0.136749,1.00397,-0.069648,0.279917,-0.680181,0.428798,0.038769,-0.676287,-0.069648,0.279917,0.744011,0.428798,0.038769,0.740117,-0.069648,0.279917,1.00397,-0.069648,0.279917,-0.996027,0.179575,0.17874,-0.996027,0.003853,0.038769,-0.676287,0.179575,0.136749,1.00397,0.003853,0.038769,0.740117,0.428798,0.136749,0.781915,0.179575,0.136749,0.781915,0.428798,0.17874,-0.746027,0.179575,0.17874,-0.746027],
    "colors":[]
}