{
    "materials":[{
        "shading":"phong",
        "blending":"NormalBlending",
        "mapDiffuse":"perks.png",
        "mapDiffuseRepeat":[1,1],
        "wireframe":false,
        "DbgIndex":0,
        "depthTest":true,
        "colorSpecular":[0.052941,0.052941,0.052941],
        "vertexColors":false,
        "mapDiffuseAnisotropy":1,
        "opacity":1,
        "mapDiffuseWrap":["RepeatWrapping","RepeatWrapping"],
        "DbgName":"UNIFIED",
        "colorEmissive":[0.088941,0.088941,0.088941],
        "depthWrite":true,
        "transparent":false,
        "DbgColor":15658734,
        "visible":true,
        "specularCoef":50
    }],
    "metadata":{
        "materials":1,
        "version":3,
        "faces":44,
        "vertices":36,
        "normals":44,
        "uvs":1,
        "colors":0,
        "generator":"io_three",
        "type":"Geometry"
    },
    "normals":[0.156495,-0.88191,-0.444685,0.91402,-0.382319,-0.135641,0.233621,-0.110904,-0.965982,0.91402,-0.382319,-0.135641,0.91402,-0.382319,-0.135641,0.331779,0.888232,-0.317753,-0.914947,0.37899,-0.138701,-0.914947,0.378991,-0.138701,-0.914947,0.37899,-0.138701,-0.914947,0.37899,-0.138701,0.003378,0.012133,0.999921,0.308636,-0.420886,-0.852994,-0.513689,-0.078593,-0.85437,-0.547009,-0.413203,-0.728041,-0.309605,-0.571865,-0.759681,-0.259204,-0.625665,-0.735769,-0.185444,-0.623547,-0.759473,0.094328,-0.680161,-0.726969,0.487484,0.03002,-0.872616,0.571005,-0.24829,-0.782499,-0.319712,0.366016,-0.873966,-0.576298,0.229276,-0.784419,-0.112509,0.610031,-0.784349,-0.370693,0.141882,-0.917854,0.160351,0.564806,-0.809495,-0.162651,0.054368,-0.985185,0.237313,0.566948,-0.78883,-0.003378,-0.012133,-0.999921,0.290081,0.510806,-0.809278,0.155997,-0.07827,-0.984652,0.514368,0.349093,-0.783301,0.364496,-0.164141,-0.916624,-0.384276,-0.923134,0.0125,-0.391685,-0.873154,-0.290147,-0.734771,-0.510919,-0.446176,-0.384276,-0.923134,0.0125,-0.342728,-0.893532,-0.290065,-0.384276,-0.923134,0.0125,-0.159567,0.870873,-0.464886,0.384275,0.923134,-0.012501,0.384276,0.923133,-0.0125,0.384276,0.923134,-0.012499,0.731699,0.499882,-0.463395,0.397373,0.860928,-0.317643],
    "uvs":[[0.004211,0.009819,0.003659,0.00936,0.003936,0.00936,0.004555,0.014474,0.004555,0.014114,0.004555,0.01048,0.004555,0.010076,0.005014,0.010076,0.005014,0.014474,0.005472,0.012011,0.005014,0.012288,0.005014,0.012011,0.000789,0.009344,0.001194,0.009344,0.004828,0.009347,0.005188,0.009347,0.005187,0.009805,0.000789,0.009802,0.051375,0.022316,0.049727,0.022316,0.049727,0.017522,0.051375,0.017522,0.057916,0.017382,0.057651,0.01738,0.057651,0.016938,0.057916,0.016938,0.059507,0.01738,0.059242,0.017382,0.059242,0.016938,0.059507,0.016938,0.058977,0.017383,0.058977,0.016938,0.058712,0.017384,0.058712,0.016938,0.058447,0.017384,0.058447,0.016938,0.058182,0.017383,0.058182,0.016938,0.057916,0.022337,0.057651,0.022337,0.057651,0.021841,0.057916,0.021843,0.059507,0.022337,0.059242,0.022337,0.059242,0.021843,0.059507,0.021841,0.058977,0.022337,0.058977,0.021844,0.058712,0.022337,0.058712,0.021845,0.058447,0.022337,0.058447,0.021845,0.058182,0.022337,0.058182,0.021844,0.003383,0.009359,0.002277,0.009357,0.002553,0.009357,0.002276,0.009815,0.00283,0.009358,0.003106,0.009358,0.004212,0.009361,0.005014,0.012564,0.005014,0.012841,0.005472,0.013947,0.005014,0.013117,0.005014,0.013394,0.005014,0.013671,0.005014,0.013947]],
    "colors":[],
    "faces":[42,1,12,13,0,0,1,2,0,0,0,42,1,5,20,0,8,3,4,1,1,1,42,20,21,6,0,4,5,6,2,2,2,42,6,2,1,0,6,7,8,3,3,3,42,20,6,1,0,4,6,8,4,4,4,42,3,19,7,0,9,10,11,5,5,5,42,3,7,22,0,17,12,13,6,6,6,42,23,4,0,0,14,15,16,7,7,7,42,3,22,23,0,17,13,14,8,8,8,42,23,0,3,0,14,16,17,9,9,9,43,0,1,2,3,0,18,19,20,21,10,10,10,10,43,35,20,5,13,0,22,23,24,25,11,11,11,11,43,23,25,8,4,0,26,27,28,29,12,12,12,12,43,25,27,9,8,0,27,30,31,28,13,13,13,13,43,27,29,10,9,0,30,32,33,31,14,14,14,14,43,29,31,11,10,0,32,34,35,33,15,15,15,15,43,31,33,12,11,0,34,36,37,35,16,16,16,16,43,33,35,13,12,0,36,22,25,37,17,17,17,17,43,14,6,21,34,0,38,39,40,41,18,18,18,18,43,34,21,20,35,0,41,40,23,22,19,19,19,19,43,7,19,24,22,0,42,43,44,45,20,20,20,20,43,22,24,25,23,0,45,44,27,26,21,21,21,21,43,19,18,26,24,0,43,46,47,44,22,22,22,22,43,24,26,27,25,0,44,47,30,27,23,23,23,23,43,18,17,28,26,0,46,48,49,47,24,24,24,24,43,26,28,29,27,0,47,49,32,30,25,25,25,25,43,17,16,30,28,0,48,50,51,49,26,26,26,26,43,28,30,31,29,0,49,51,34,32,27,27,27,27,43,16,15,32,30,0,50,52,53,51,28,28,28,28,43,30,32,33,31,0,51,53,36,34,29,29,29,29,43,15,14,34,32,0,52,38,41,53,30,30,30,30,43,32,34,35,33,0,53,41,22,36,31,31,31,31,42,1,11,12,0,0,54,1,32,32,32,42,4,8,0,0,55,56,57,33,33,33,42,8,9,0,0,56,58,57,34,34,34,43,1,0,10,11,0,0,57,59,54,35,35,35,35,42,5,1,13,0,60,0,2,36,36,36,42,9,10,0,0,58,59,57,37,37,37,42,3,18,19,0,9,61,10,38,38,38,42,3,17,18,0,9,62,61,39,39,39,43,2,16,17,3,0,63,64,62,9,40,40,40,40,42,2,15,16,0,63,65,64,41,41,41,42,14,15,2,0,66,65,63,42,42,42,42,6,14,2,0,67,66,63,43,43,43],
    "vertices":[-1.28977,-0.237111,-1.22819,0.036677,-0.23933,-1.78033,1.29124,-0.198522,1.23348,-0.035205,-0.196303,1.78561,-1.18312,0.200134,-1.13074,0.031921,0.198102,-1.6365,1.18112,0.235482,1.12418,-0.033923,0.237515,1.62994,-1.05088,0.19986,-1.19015,-0.912259,0.197888,-1.39123,-0.722766,0.197571,-1.47011,-0.533273,0.197254,-1.54898,-0.343781,0.196937,-1.62786,-0.103418,0.198275,-1.58453,1.04941,0.235774,1.18487,0.910787,0.237745,1.38594,0.721294,0.238062,1.46482,0.531802,0.238379,1.5437,0.342309,0.238696,1.62257,0.101946,0.237359,1.57925,0.12603,0.201163,-1.41043,1.07545,0.232045,0.870339,-0.13959,0.234078,1.3761,-1.08901,0.203195,-0.904664,0.037072,0.350178,1.42294,-0.999402,0.316464,-1.06695,0.226264,0.438946,1.34298,-0.81021,0.405232,-1.1469,0.415635,0.474588,1.26367,-0.620839,0.440874,-1.22622,0.605128,0.474271,1.18479,-0.431346,0.440557,-1.30509,0.794742,0.437995,1.10635,-0.241732,0.404281,-1.38353,0.984536,0.348593,1.02856,-0.051938,0.314879,-1.46133],
    "name":"Cube.017Geometry"
}