{
    "materials":[{
        "shading":"phong",
        "blending":"NormalBlending",
        "mapDiffuse":"perks.png",
        "mapDiffuseRepeat":[1,1],
        "wireframe":false,
        "DbgIndex":0,
        "depthTest":true,
        "colorSpecular":[0.052941,0.052941,0.052941],
        "vertexColors":false,
        "mapDiffuseAnisotropy":1,
        "opacity":1,
        "mapDiffuseWrap":["RepeatWrapping","RepeatWrapping"],
        "DbgName":"UNIFIED",
        "colorEmissive":[0.088941,0.088941,0.088941],
        "depthWrite":true,
        "transparent":false,
        "DbgColor":15658734,
        "visible":true,
        "specularCoef":50
    }],
    "metadata":{
        "materials":1,
        "version":3,
        "faces":62,
        "vertices":60,
        "normals":62,
        "uvs":1,
        "colors":0,
        "generator":"io_three",
        "type":"Geometry"
    },
    "normals":[0.000112,-0.866025,-0.5,0.000223,0,-1,0.000112,0.866025,-0.5,-0.000112,0.866025,0.5,-1,0,-0.000177,-0.000112,-0.866025,0.5,-0.000223,0,1,1,0,0.000177,-0.000112,-0.866025,0.5,-1,0,-0.000177,-1,-0,-0.000177,-1,-0,-0.000177,-1,0,-0.000177,-1,0,-0.000177,1,1e-06,0.000177,-0.000223,0,1,-0.000112,0.866025,0.5,0.000112,0.866026,-0.5,0.000223,0,-1,0.000112,-0.866025,-0.5,-0.000112,-0.866025,0.5,1,0,0.000177,1,-1e-06,0.000177,1,-1e-06,0.000177,1,-0,0.000178,1,1e-06,0.000177,-1,-0,-0.000177,-0.000224,0,1,-0.000112,0.866025,0.5,0.000112,0.866025,-0.5,0.000224,0,-1,0.000112,-0.866025,-0.5,-0.000112,-0.866025,0.5,1,0,0.000177,1,-0,0.000177,1,0,0.000177,1,-0,0.000177,1,0,0.000177,-0.000112,-0.866025,0.5,-1,0,-0.000177,-1,0,-0.000177,-1,1e-06,-0.000177,-1,0,-0.000178,-1,-1e-06,-0.000177,-1,0,-0.000177,-1,0,-0.000178,-1,1e-06,-0.000177,-1,-0,-0.000177,-0.000224,0,1,-0.000112,0.866025,0.5,0.000112,0.866025,-0.5,0.000224,0,-1,0.000112,-0.866025,-0.5,1,1e-06,0.000177,1,-0,0.000177,1,0,0.000177,1,-0,0.000177,-0.000224,0,1,-0.000112,0.866025,0.5,0.000112,0.866025,-0.5,0.000223,-0,-1,0.000112,-0.866025,-0.5],
    "uvs":[[0.036989,0.005878,0.036441,0.005878,0.036441,0.004778,0.036989,0.004778,0.036441,0.004228,0.036989,0.004228,0.033409,0.00602,0.032861,0.00602,0.032861,0.00492,0.033409,0.00492,0.037807,0.002722,0.038355,0.002722,0.038355,0.003272,0.037807,0.003272,0.036443,0.002172,0.035445,0.002722,0.035445,0.001923,0.035718,0.001773,0.037807,0.004372,0.038355,0.004372,0.038355,0.004921,0.037807,0.004921,0.032452,0.002172,0.032452,0.001073,0.03277,0.001248,0.03277,0.001997,0.04393,0.000444,0.045516,0.000444,0.045516,0.006791,0.04393,0.006791,0.034448,0.002172,0.035173,0.001773,0.034448,0.001073,0.035173,0.001472,0.035445,0.000523,0.035445,0.001322,0.036443,0.001073,0.035718,0.001472,0.035716,0.003971,0.035716,0.003671,0.036441,0.003272,0.036441,0.004371,0.04631,0.000444,0.04631,0.006791,0.043136,0.006791,0.042343,0.006791,0.042343,0.000444,0.043136,0.000444,0.040756,0.006791,0.040756,0.000444,0.039963,0.006791,0.039963,0.000444,0.043136,0.006791,0.038325,0.000523,0.038325,0.001072,0.037803,0.001072,0.037803,0.000523,0.035444,0.003521,0.035444,0.002722,0.035171,0.003671,0.034446,0.003272,0.035171,0.003971,0.034446,0.004371,0.035444,0.004121,0.035444,0.00492,0.033449,0.00492,0.033449,0.004574,0.034133,0.004198,0.038325,0.002171,0.037803,0.002171,0.038325,0.002721,0.037803,0.002721,0.033931,0.00492,0.033931,0.006019,0.033409,0.006019,0.037511,0.004228,0.037511,0.004778,0.036989,0.004778,0.037511,0.005877,0.036989,0.005877,0.032452,0.005295,0.032452,0.00492,0.032861,0.00492,0.032861,0.005295,0.03345,0.002722,0.03345,0.002372,0.03413,0.001997,0.03413,0.001248,0.03345,0.000523,0.03345,0.000873,0.034295,0.00492,0.034295,0.005297,0.033931,0.005297,0.032452,0.004371,0.032766,0.004198,0.032452,0.003272,0.032766,0.003445,0.033449,0.002722,0.033449,0.003068,0.034133,0.003445,0.037124,0.002722,0.037807,0.003099,0.037807,0.003852,0.037124,0.004228,0.036441,0.003852,0.036441,0.003099,0.034295,0.00605,0.033931,0.00605,0.034295,0.006426,0.033931,0.006426,0.035477,0.005673,0.035477,0.00492,0.035841,0.00492,0.035841,0.005673,0.035068,0.00492,0.035068,0.005297,0.034704,0.005297,0.034704,0.00492,0.035068,0.00605,0.034704,0.00605,0.036443,0.000898,0.037123,0.000523,0.037803,0.000898,0.037803,0.001647,0.037123,0.002022,0.036443,0.001647,0.032452,0.006044,0.032861,0.006044,0.032452,0.006419,0.032861,0.006419,0.035477,0.00492,0.035477,0.00567,0.035068,0.00567,0.034704,0.00567,0.034704,0.006045,0.034295,0.006045,0.034295,0.00567]],
    "colors":[],
    "faces":[43,0,1,3,2,0,0,1,2,3,0,0,0,0,43,2,3,5,4,0,3,2,4,5,1,1,1,1,43,4,5,7,6,0,6,7,8,9,2,2,2,2,43,6,7,9,8,0,10,11,12,13,3,3,3,3,43,1,11,17,12,0,14,15,16,17,4,4,4,4,43,1,0,10,11,0,20,21,18,19,5,5,5,5,43,8,9,11,10,0,13,12,19,18,6,6,6,6,43,10,0,36,41,0,22,23,24,25,7,7,7,7,43,12,17,23,18,0,26,27,28,29,8,8,8,8,43,11,9,16,17,0,15,30,31,16,9,9,9,9,43,9,7,15,16,0,30,32,33,31,10,10,10,10,43,7,5,14,15,0,32,34,35,33,11,11,11,11,43,5,3,13,14,0,34,36,37,35,12,12,12,12,43,3,1,12,13,0,36,14,17,37,13,13,13,13,43,18,23,29,24,0,38,39,40,41,14,14,14,14,43,17,16,22,23,0,27,42,43,28,15,15,15,15,43,16,15,21,22,0,44,45,46,47,16,16,16,16,43,15,14,20,21,0,45,48,49,46,17,17,17,17,43,14,13,19,20,0,48,50,51,49,18,18,18,18,43,13,12,18,19,0,47,26,29,52,19,19,19,19,43,24,29,35,30,0,53,54,55,56,20,20,20,20,43,23,22,28,29,0,39,57,58,40,21,21,21,21,43,22,21,27,28,0,57,59,60,58,22,22,22,22,43,21,20,26,27,0,59,61,62,60,23,23,23,23,43,20,19,25,26,0,61,63,64,62,24,24,24,24,43,19,18,24,25,0,63,38,41,64,25,25,25,25,43,30,35,47,42,0,62,65,66,67,26,26,26,26,43,29,28,34,35,0,54,68,69,55,27,27,27,27,43,28,27,33,34,0,68,70,71,69,28,28,28,28,43,27,26,32,33,0,72,73,74,9,29,29,29,29,43,26,25,31,32,0,75,76,77,5,30,30,30,30,43,25,24,30,31,0,76,78,79,77,31,31,31,31,43,41,36,54,59,0,80,81,82,83,32,32,32,32,43,8,10,41,40,0,84,22,25,85,33,33,33,33,43,6,8,40,39,0,30,84,85,86,34,34,34,34,43,4,6,39,38,0,32,30,86,87,35,35,35,35,43,2,4,38,37,0,88,32,87,89,36,36,36,36,43,0,2,37,36,0,23,88,89,24,37,37,37,37,43,42,47,53,48,0,90,91,92,72,38,38,38,38,43,35,34,46,47,0,65,93,94,66,39,39,39,39,43,34,33,45,46,0,93,95,96,94,40,40,40,40,43,33,32,44,45,0,95,97,98,96,41,41,41,41,43,32,31,43,44,0,97,60,99,98,42,42,42,42,43,31,30,42,43,0,60,62,67,99,43,43,43,43,42,50,49,48,0,105,100,101,44,44,44,42,48,53,52,0,101,102,103,45,45,45,42,52,51,50,0,103,104,105,46,46,46,42,48,52,50,0,101,103,105,47,47,47,43,47,46,52,53,0,91,106,107,92,48,48,48,48,43,46,45,51,52,0,106,108,109,107,49,49,49,49,43,45,44,50,51,0,110,111,112,113,50,50,50,50,43,44,43,49,50,0,114,115,116,117,51,51,51,51,43,43,42,48,49,0,115,118,119,116,52,52,52,52,42,59,54,55,0,125,120,121,53,53,53,42,55,56,57,0,121,122,123,54,54,54,42,57,58,59,0,123,124,125,55,55,55,42,55,57,59,0,121,123,125,56,56,56,43,40,41,59,58,0,126,80,83,127,57,57,57,57,43,39,40,58,57,0,128,126,127,129,58,58,58,58,43,38,39,57,56,0,130,131,132,114,59,59,59,59,43,37,38,56,55,0,133,134,135,136,60,60,60,60,43,36,37,55,54,0,117,133,136,90,61,61,61,61],