{
    "materials":[{
        "shading":"phong",
        "blending":"NormalBlending",
        "mapDiffuse":"perks.png",
        "mapDiffuseRepeat":[1,1],
        "wireframe":false,
        "DbgIndex":0,
        "depthTest":true,
        "colorSpecular":[0.052941,0.052941,0.052941],
        "vertexColors":false,
        "mapDiffuseAnisotropy":1,
        "opacity":1,
        "mapDiffuseWrap":["RepeatWrapping","RepeatWrapping"],
        "DbgName":"UNIFIED",
        "colorEmissive":[0.088941,0.088941,0.088941],
        "depthWrite":true,
        "transparent":false,
        "DbgColor":15658734,
        "visible":true,
        "specularCoef":50
    }],
    "metadata":{
        "materials":1,
        "version":3,
        "faces":58,
        "vertices":55,
        "normals":58,
        "uvs":1,
        "colors":0,
        "generator":"io_three",
        "type":"Geometry"
    },
    "normals":[0.5,-0.700629,0.509037,1,0,-0,0.5,0.700629,-0.509037,-0.5,0.700629,-0.509037,-0.198757,-0.817859,-0.540002,-0.5,-0.700629,0.509037,-1,0,-0,-0,0.587785,0.809017,-0.5,-0.700629,0.509037,-0.397514,-0.53935,-0.742351,-0.198757,-0.26084,-0.9447,0.198757,-0.26084,-0.9447,0.397514,-0.53935,-0.742351,0.198757,-0.817859,-0.540002,-0.163265,0.32679,0.930888,-1,-0,-0,-0.5,0.700629,-0.509037,0.5,0.700629,-0.509037,1,0,0,0.5,-0.700629,0.509037,-0.5,-0.700629,0.509037,-0.326531,0.555567,0.764672,-0.163265,0.784344,0.598456,0.163265,0.784344,0.598456,0.32653,0.555567,0.764672,0.163265,0.32679,0.930888,-1e-06,-0.587785,-0.809017,1e-06,-0.587785,-0.809017,0,-0.587785,-0.809017,0,-0.587785,-0.809017,-1,0,0,-0.5,0.70063,-0.509037,0.5,0.70063,-0.509037,1,0,-0,0.5,-0.700629,0.509037,-0.5,-0.700629,0.509037,0,0.587785,0.809017,-0,0.587786,0.809017,0,0.587786,0.809017,0,0.587785,0.809017,0,0.587785,0.809017,-0,0.587785,0.809017,-1,-0,-0,-0.5,0.700629,-0.509037,0.5,0.700629,-0.509037,1,0,0,0.5,-0.700629,0.509037,0,0.587785,0.809017,0,0.587785,0.809017,0,0.587785,0.809017,0,0.587785,0.809017,0,0.587785,0.809017,-0.499551,-0.67511,0.54284,-0.999103,0.024891,0.034259,-0.499551,0.724892,-0.474321,0.499551,0.724892,-0.474321,0.999103,0.024891,0.034259,0.499551,-0.67511,0.54284],
    "uvs":[[0.058493,0.01252,0.04965,0.012514,0.049649,0.014153,0.058492,0.014159,0.049659,0.014973,0.058502,0.014979,0.058506,0.008421,0.049663,0.008415,0.049652,0.009235,0.058495,0.00924,0.049651,0.010874,0.058494,0.01088,0.052494,0.012811,0.050418,0.012809,0.050965,0.011582,0.051949,0.011582,0.058504,0.0117,0.049661,0.011694,0.049661,0.011694,0.058504,0.0117,0.056326,0.010649,0.055784,0.009706,0.056036,0.009706,0.056452,0.010429,0.053057,0.009216,0.053057,0.009919,0.050242,0.009918,0.050243,0.009214,0.049382,0.010733,0.050473,0.010597,0.050421,0.008658,0.050966,0.009613,0.052497,0.00866,0.05195,0.009614,0.053533,0.010736,0.052442,0.010599,0.029002,0.010279,0.028427,0.010608,0.027852,0.010287,0.028989,0.009636,0.053057,0.010271,0.050242,0.010269,0.050241,0.011677,0.050241,0.011325,0.053056,0.011327,0.053056,0.011679,0.050242,0.010621,0.053056,0.010623,0.053056,0.011327,0.053058,0.008864,0.050243,0.008862,0.02603,0.013539,0.02603,0.014189,0.025573,0.014189,0.025573,0.013539,0.028427,0.011266,0.027852,0.011587,0.029002,0.011595,0.028989,0.012238,0.029577,0.011266,0.030126,0.011587,0.029577,0.010608,0.030126,0.010287,0.026712,0.012238,0.025573,0.011587,0.025573,0.010287,0.026712,0.009636,0.026945,0.012238,0.026945,0.013539,0.026487,0.013539,0.026487,0.012238,0.026945,0.014189,0.026487,0.014189,0.02603,0.012238,0.025573,0.012238,0.05504,0.010648,0.055872,0.010648,0.055872,0.011047,0.05504,0.011046,0.057411,0.010649,0.057285,0.01043,0.057954,0.009708,0.057701,0.009708,0.057412,0.008765,0.057286,0.008985,0.056327,0.008765,0.056453,0.008984,0.056288,0.011371,0.056705,0.010649,0.056976,0.011121,0.056832,0.011372,0.054624,0.010648,0.054623,0.011046,0.055784,0.009162,0.055368,0.009162,0.055368,0.008764,0.055784,0.008764,0.055456,0.011046,0.056288,0.011047,0.056288,0.011445,0.055456,0.011444,0.055039,0.011444,0.056289,0.010649,0.056704,0.012094,0.056976,0.011623,0.057536,0.012095,0.057265,0.011623,0.057953,0.011372,0.057409,0.011372,0.057537,0.01065,0.057265,0.011121,0.026025,0.010197,0.02694,0.010189,0.0274,0.01385,0.025569,0.010208,0.029231,0.013851,0.028773,0.013846,0.029231,0.010189,0.027857,0.010193,0.028773,0.010189,0.028773,0.013851,0.0274,0.010202,0.0274,0.010191]],
    "colors":[],
    "faces":[43,0,1,3,2,0,0,1,2,3,0,0,0,0,43,2,3,5,4,0,3,2,4,5,1,1,1,1,43,4,5,7,6,0,6,7,8,9,2,2,2,2,43,6,7,9,8,0,9,8,10,11,3,3,3,3,43,1,11,17,12,0,12,13,14,15,4,4,4,4,43,1,0,10,11,0,1,0,16,17,5,5,5,5,43,8,9,11,10,0,11,10,18,19,6,6,6,6,43,10,0,36,41,0,20,21,22,23,7,7,7,7,43,12,17,23,18,0,24,25,26,27,8,8,8,8,43,11,9,16,17,0,13,28,29,14,9,9,9,9,43,9,7,15,16,0,28,30,31,29,10,10,10,10,43,7,5,14,15,0,30,32,33,31,11,11,11,11,43,5,3,13,14,0,32,34,35,33,12,12,12,12,43,3,1,12,13,0,34,12,15,35,13,13,13,13,43,18,23,29,24,0,36,37,38,39,14,14,14,14,43,17,16,22,23,0,25,40,41,26,15,15,15,15,43,16,15,21,22,0,42,43,44,45,16,16,16,16,43,15,14,20,21,0,43,46,47,48,17,17,17,17,43,14,13,19,20,0,46,41,40,47,18,18,18,18,43,13,12,18,19,0,49,24,27,50,19,19,19,19,43,24,29,35,30,0,51,52,53,54,20,20,20,20,43,23,22,28,29,0,37,55,56,38,21,21,21,21,43,22,21,27,28,0,55,57,58,56,22,22,22,22,43,21,20,26,27,0,57,59,60,58,23,23,23,23,43,20,19,25,26,0,59,61,62,60,24,24,24,24,43,19,18,24,25,0,61,36,39,62,25,25,25,25,42,32,31,30,0,66,38,56,26,26,26,42,30,35,34,0,56,63,64,27,27,27,42,34,33,32,0,64,65,66,28,28,28,42,30,34,32,0,56,64,66,29,29,29,43,29,28,34,35,0,67,68,69,70,30,30,30,30,43,28,27,33,34,0,68,71,72,69,31,31,31,31,43,27,26,32,33,0,70,69,51,73,32,32,32,32,43,26,25,31,32,0,69,72,52,51,33,33,33,33,43,25,24,30,31,0,73,51,54,74,34,34,34,34,43,41,36,42,47,0,75,76,77,78,35,35,35,35,43,8,10,41,40,0,79,20,23,80,36,36,36,36,43,6,8,40,39,0,81,79,80,82,37,37,37,37,43,4,6,39,38,0,83,81,82,84,38,38,38,38,43,2,4,38,37,0,85,83,84,86,39,39,39,39,43,0,2,37,36,0,21,85,86,22,40,40,40,40,43,47,42,48,53,0,87,88,89,90,41,41,41,41,43,40,41,47,46,0,91,75,78,92,42,42,42,42,43,39,40,46,45,0,93,94,95,96,43,43,43,43,43,38,39,45,44,0,97,98,99,100,44,44,44,44,43,37,38,44,43,0,78,97,100,101,45,45,45,45,43,36,37,43,42,0,76,102,98,77,46,46,46,46,43,46,47,53,52,0,103,87,90,104,47,47,47,47,43,45,46,52,51,0,105,103,104,106,48,48,48,48,43,44,45,51,50,0,107,105,106,108,49,49,49,49,43,43,44,50,49,0,109,107,108,110,50,50,50,50,43,42,43,49,48,0,88,109,110,89,51,51,51,51,42,53,48,54,0,111,112,113,52,52,52,42,52,53,54,0,114,111,113,53,53,53,42,51,52,54,0,115,116,117,54,54,54,42,50,51,54,0,118,119,120,55,55,55,42,49,50,54,0,121,118,120,56,56,56,42,48,49,54,0,112,122,113,57,57,57],