{
    "materials":[{
        "shading":"phong",
        "blending":"NormalBlending",
        "mapDiffuse":"perks.png",
        "mapDiffuseRepeat":[1,1],
        "wireframe":false,
        "DbgIndex":0,
        "depthTest":true,
        "colorSpecular":[0.052941,0.052941,0.052941],
        "vertexColors":false,
        "mapDiffuseAnisotropy":1,
        "opacity":1,
        "mapDiffuseWrap":["RepeatWrapping","RepeatWrapping"],
        "DbgName":"UNIFIED",
        "colorEmissive":[0.088941,0.088941,0.088941],
        "depthWrite":true,
        "transparent":false,
        "DbgColor":15658734,
        "visible":true,
        "specularCoef":50
    }],
    "metadata":{
        "materials":1,
        "version":3,
        "faces":57,
        "vertices":45,
        "normals":56,
        "uvs":1,
        "colors":0,
        "generator":"io_three",
        "type":"Geometry"
    },
    "normals":[0.353441,-0.935423,-0.007979,0.911257,-0.411703,0.010593,0.935271,0.353187,0.022961,0.411416,0.911185,0.021878,-0.353441,0.935423,0.007979,-0.911257,0.411703,-0.010592,0.01866,0.015578,-0.999705,0.01866,0.015578,-0.999704,0.01866,0.015578,-0.999704,0.01866,0.015578,-0.999704,0.01866,0.015578,-0.999705,0.01866,0.015578,-0.999705,-0.411416,-0.911185,-0.021877,-0.935271,-0.353187,-0.02296,-0.01866,-0.015578,0.999705,-0.01866,-0.015578,0.999705,-0.01866,-0.015578,0.999704,-0.01866,-0.015578,0.999705,-0.01866,-0.015578,0.999705,-0.01866,-0.015578,0.999705,-0.315935,0.134685,-0.939173,0.216619,-0.278558,-0.935672,0.028568,0.368736,-0.929095,-0.199713,-0.265364,-0.943237,0.357704,0.113338,-0.926932,-0.01866,-0.015578,0.999705,-0.01866,-0.015578,0.999705,-0.01866,-0.015578,0.999705,-0.315935,0.134685,-0.939173,0.216619,-0.278558,-0.935672,0.028568,0.368736,-0.929095,-0.199713,-0.265364,-0.943237,0.357704,0.113338,-0.926932,-0.01866,-0.015578,0.999705,-0.01866,-0.015578,0.999705,-0.01866,-0.015578,0.999705,-0.913068,-0.407137,-0.023387,0.365015,-0.153657,-0.918234,-0.167929,-0.985626,-0.018493,0.900384,-0.434981,0.010027,-0.324095,0.945985,0.008692,0.558754,0.829005,0.023347,-0.01866,-0.015578,0.999704,-0.01866,-0.015578,0.999704,-0.01866,-0.015578,0.999705,0.28363,0.410181,-0.866779,-0.157405,-0.063064,-0.985518,-0.062858,0.251296,-0.965867,-0.03616,-0.301219,-0.952869,-0.315935,0.134685,-0.939173,0.216619,-0.278558,-0.935672,-0.199713,-0.265364,-0.943237,0.357704,0.113338,-0.926932,-0.01866,-0.015578,0.999705,-0.01866,-0.015578,0.999705,-0.01866,-0.015578,0.999705],
    "uvs":[[0.004111,0.011175,0.003877,0.011175,0.003877,0.008828,0.004111,0.008828,0.003175,0.008828,0.003409,0.008828,0.003409,0.010487,0.003175,0.010487,0.003409,0.012834,0.003175,0.012834,0.003409,0.014493,0.003175,0.014493,0.003643,0.012834,0.003643,0.010487,0.003643,0.008828,0.004831,0.008734,0.00649,0.010393,0.00649,0.01274,0.004831,0.014399,0.002484,0.014399,0.000825,0.01274,0.000825,0.010393,0.002484,0.008734,0.003643,0.011175,0.003877,0.012834,0.002492,0.014486,0.000832,0.012827,0.000832,0.01048,0.002492,0.008821,0.004839,0.008821,0.006498,0.01048,0.006498,0.012827,0.004839,0.014486,0.239352,0.73846,0.251418,0.827981,0.205509,0.827981,0.239352,0.917501,0.294113,0.883307,0.294113,0.772654,0.149616,0.73846,0.205509,0.772654,0.205509,0.883307,0.149616,0.917501,0.115072,0.827981,0.236332,0.739971,0.248398,0.829491,0.202488,0.829491,0.236332,0.919011,0.291093,0.884817,0.291093,0.774164,0.146596,0.739971,0.202488,0.774164,0.202488,0.884817,0.146596,0.919011,0.112052,0.829491,0.177855,0.510464,0.17814,0.528257,0.09082,0.529657,0.090535,0.511863,0.029802,0.614233,0.049852,0.548111,0.082716,0.600964,0.028463,0.530656,0.028178,0.512862,0.019783,0.692612,0.019304,0.662703,0.146381,0.660667,0.146861,0.690576,0.085073,0.529749,0.085358,0.547542,0.028748,0.548449,0.194128,0.528001,0.194413,0.545795,0.127438,0.607264,0.086876,0.628928,0.032189,0.604829,0.038952,0.568271,0.097819,0.569777,0.129724,0.6533,0.162166,0.546311,0.21153,0.611322,0.331387,0.544483,0.288796,0.596215,0.273904,0.510887,0.238378,0.603096,0.273904,0.693681,0.331387,0.657456,0.238159,0.600836,0.273756,0.507735,0.331353,0.543296,0.331353,0.658376,0.273756,0.693938]],
    "colors":[],
    "faces":[43,0,1,3,2,0,0,1,2,3,0,0,0,0,43,2,3,5,4,0,4,5,6,7,1,1,1,1,43,4,5,7,6,0,7,6,8,9,2,2,2,2,43,6,7,9,8,0,9,8,10,11,3,3,3,3,43,8,9,11,10,0,12,8,6,13,4,4,4,4,43,10,11,13,12,0,13,6,5,14,5,5,5,5,42,5,3,1,0,22,15,16,6,6,6,42,1,15,13,0,16,17,18,7,7,7,42,13,11,9,0,18,19,20,8,8,8,42,9,7,5,0,20,21,22,9,9,9,42,5,1,13,0,22,16,18,10,10,10,42,13,9,5,0,18,20,22,11,11,11,43,1,0,14,15,0,24,12,23,1,12,12,12,12,43,12,13,15,14,0,14,2,1,23,13,13,13,13,42,14,0,2,0,32,25,26,14,14,14,42,2,4,6,0,26,27,28,15,15,15,42,6,8,10,0,28,29,30,16,16,16,42,10,12,14,0,30,31,32,17,17,17,42,14,2,6,0,32,26,28,18,18,18,42,6,10,14,0,28,30,32,19,19,19,42,19,21,20,0,33,34,35,20,20,20,42,16,21,17,0,36,34,37,21,21,21,42,18,21,19,0,38,34,33,22,22,22,42,20,21,16,0,35,34,36,23,23,23,42,17,21,18,0,37,34,38,24,24,24,42,20,16,17,0,43,39,40,25,25,25,42,17,18,19,0,40,41,42,26,26,26,42,17,19,20,0,40,42,43,27,27,27,42,25,27,26,0,44,45,46,28,28,28,42,22,27,23,0,47,45,48,29,29,29,42,24,27,25,0,49,45,44,30,30,30,42,26,27,22,0,46,45,47,31,31,31,42,23,27,24,0,48,45,49,32,32,32,42,26,22,23,0,54,50,51,33,33,33,42,23,24,25,0,51,52,53,34,34,34,42,23,25,26,0,51,53,54,35,35,35,43,29,30,32,31,0,55,56,57,58,36,36,36,36,42,36,34,28,0,59,60,61,37,37,37,43,31,32,34,33,0,58,57,62,63,38,38,38,38,43,33,34,36,35,0,64,65,66,67,39,39,39,39,43,37,38,30,29,0,68,69,70,62,40,40,40,40,43,35,36,38,37,0,71,72,69,68,41,41,41,41,42,37,29,31,0,77,73,74,42,42,42,42,31,33,35,0,74,75,76,43,43,43,42,31,35,37,0,74,76,77,44,44,44,42,38,36,28,0,78,59,61,45,45,45,42,32,30,28,0,79,80,61,46,46,46,42,30,38,28,0,80,78,61,47,47,47,42,34,32,28,0,60,79,61,48,48,48,42,42,44,43,0,81,82,83,49,49,49,42,39,44,40,0,84,82,85,50,50,50,42,41,44,42,0,86,82,81,22,22,22,42,43,44,39,0,83,82,84,51,51,51,42,40,44,41,0,85,82,86,52,52,52,42,43,39,40,0,91,87,88,53,53,53,42,40,41,42,0,88,89,90,54,54,54,42,40,42,43,0,88,90,91,55,55,55],
    "vertices":[-0.03676,-0.049001,-1.00998,-0.035337,0.027234,-1.00879,0.679066,-0.066574,-0.739663,0.680489,0.00966,-0.738475,0.99395,-0.083319,-0.042272,0.995373,-0.007085,-0.041084,0.723439,-0.089426,0.673669,0.724861,-0.013192,0.674857,0.025993,-0.081318,0.988773,0.027416,-0.005084,0.989961,-0.689833,-0.063745,0.718455,-0.68841,0.012489,0.719643,-1.00472,-0.047,0.021064,-1.00329,0.029234,0.022252,-0.734205,-0.040893,-0.694877,-0.732782,0.035341,-0.693689,-0.342934,0.033044,-0.772531,0.064421,0.021128,-0.495779,-0.073004,0.016322,-0.022744,-0.565293,0.025267,-0.007143,-0.732119,0.035602,-0.470537,-0.327388,0.154717,-0.351745,0.395643,0.009138,-0.123099,0.802999,-0.002778,0.153653,0.665573,-0.007584,0.626689,0.173284,0.001362,0.642289,0.006459,0.011696,0.178895,0.411189,0.130811,0.297687,0.401991,0.20052,-0.206691,-0.223501,0.01496,-0.026136,-0.221679,0.11256,-0.024615,-0.046127,0.017846,-0.423759,-0.044305,0.115445,-0.422238,0.506008,0.009008,-0.517996,0.507829,0.106608,-0.516475,0.669872,0.000661,-0.178615,0.671694,0.098261,-0.177094,0.21901,0.00434,0.125372,0.220832,0.101939,0.126893,-0.320535,0.021509,-0.059103,0.08682,0.009593,0.217648,-0.050606,0.004786,0.690684,-0.542895,0.013732,0.706285,-0.70972,0.024067,0.24289,-0.30499,0.143181,0.361682],
    "name":"Cylinder.005Geometry"
}