{
    "materials":[{
        "shading":"phong",
        "blending":"NormalBlending",
        "mapDiffuse":"campus.png",
        "mapDiffuseRepeat":[1,1],
        "wireframe":false,
        "DbgIndex":0,
        "depthTest":true,
        "colorSpecular":[0.120959,0.120959,0.120959],
        "vertexColors":false,
        "mapDiffuseAnisotropy":1,
        "opacity":1,
        "mapDiffuseWrap":["RepeatWrapping","RepeatWrapping"],
        "DbgName":"Campus",
        "colorEmissive":[0.333924,0.333924,0.333924],
        "depthWrite":true,
        "transparent":true,
        "DbgColor":15658734,
        "visible":true,
        "specularCoef":50
    }],
    "metadata":{
        "materials":1,
        "version":3,
        "faces":63,
        "vertices":45,
        "normals":44,
        "uvs":1,
        "colors":0,
        "generator":"io_three",
        "type":"Geometry"
    },
    "normals":[-1,0,0,0,-1,-0,1,0,0,1,0,-0,0,0,1,0,0,1,0,-0,-1,0,-0,-1,0,1,-0,0,1,0,0,0,1,0,-0,-1,-1,-0,-0,0,0,1,0,0,1,0,0,1,0,-0,1,0,-0,1,0,0,1,0,-1,-0,1,-0,-0,-1,0,-0,0,-0,-1,0,1,-0,-0,-1,-0,0,1,0,-0.723788,0.690022,-0,0,0,-1,0,-0,-1,-0,1,-0,0,0,-1,0.739941,-0.672672,-0,-0,0,1,0,-0,-1,-0.750773,-0.660561,-0,-0,-0,1,0.610498,0.792017,-0,0,0,1,-0.516027,0.856572,-0,0.999974,0.007232,-0,0,-0,-1,-0,0,1,-0.00254,0.999997,-0,0.679531,0.733647,-0],
    "uvs":[[0.450128,0.99693,0.000173,0.99693,0.000173,0.911042,0.450128,0.911042,0.703094,0.99693,0.000173,0.911042,0.703094,0.911042,0.325354,0.99693,0.000173,0.909695,0.325354,0.909695,0.024889,0.0013,0.029634,0.0013,0.029634,0.006045,0.024889,0.006045,0.027261,0.006045,0.02956,0.004414,0.02867,0.001744,0.025853,0.001744,0.024963,0.004414,0.517015,0.99693,0.000173,0.907542,0.517015,0.907542,0.956061,0.99693,0.449701,0.99693,0.449701,0.911042,0.956061,0.911042,0.327508,0.99693,0.000173,0.911849,0.327508,0.911849]],
    "colors":[],
    "faces":[43,1,0,14,15,0,2,3,0,1,0,0,0,0,43,15,16,2,1,0,4,1,5,6,1,1,1,1,43,16,17,3,2,0,7,1,8,9,2,2,2,2,43,18,8,12,20,0,10,11,12,13,3,3,3,3,42,9,0,1,0,18,14,15,4,4,4,42,1,2,3,0,15,16,17,5,5,5,42,1,3,9,0,15,17,18,5,5,5,42,8,7,6,0,18,14,15,6,6,6,42,6,5,4,0,15,16,17,6,6,6,42,6,4,8,0,15,17,18,7,7,7,43,17,18,9,3,0,19,1,20,21,8,8,8,8,43,20,19,10,13,0,7,1,8,9,9,9,9,9,43,0,9,13,10,0,10,11,12,13,10,10,10,10,43,8,4,11,12,0,10,11,12,13,11,11,11,11,43,14,0,10,19,0,22,23,24,25,12,12,12,12,43,15,14,36,37,0,10,11,12,13,13,13,13,13,43,16,15,23,24,0,10,11,12,13,14,14,14,14,43,17,16,27,28,0,10,11,12,13,15,15,15,15,43,9,18,20,13,0,26,1,27,28,3,3,3,3,43,18,17,31,32,0,10,11,12,13,16,16,16,16,43,19,20,42,41,0,10,11,12,13,17,17,17,17,43,14,19,38,36,0,10,11,12,13,18,18,18,18,43,21,22,24,23,0,10,11,12,13,19,19,19,19,43,6,16,24,22,0,10,11,12,13,20,20,20,20,43,15,5,21,23,0,10,11,12,13,21,21,21,21,43,5,6,22,21,0,10,11,12,13,22,22,22,22,43,25,26,28,27,0,10,11,12,13,2,2,2,2,43,7,17,28,26,0,10,11,12,13,23,23,23,23,43,16,6,25,27,0,10,11,12,13,24,24,24,24,43,6,7,26,25,0,10,11,12,13,6,6,6,6,43,29,30,32,31,0,10,11,12,13,25,25,25,25,43,8,18,32,30,0,10,11,12,13,26,26,26,26,43,17,7,29,31,0,10,11,12,13,3,3,3,3,43,7,8,30,29,0,10,11,12,13,27,27,27,27,43,33,34,37,36,0,10,11,12,13,21,21,21,21,43,33,36,38,35,0,10,11,12,13,12,12,12,12,43,5,15,37,34,0,10,11,12,13,1,1,1,1,43,11,4,33,35,0,10,11,12,13,28,28,28,28,43,19,11,35,38,0,10,11,12,13,29,29,29,29,43,4,5,34,33,0,10,11,12,13,7,7,7,7,43,40,39,41,42,0,10,11,12,13,9,9,9,9,43,20,12,40,42,0,10,11,12,13,3,3,3,3,43,12,11,39,40,0,10,11,12,13,30,30,30,30,43,11,19,41,39,0,10,11,12,13,12,12,12,12,42,6,25,22,0,10,11,12,22,22,22,43,22,25,27,24,0,10,11,12,13,31,31,31,31,42,16,24,27,0,10,11,12,32,32,32,42,34,5,21,0,10,11,12,33,33,33,43,37,34,21,23,0,10,11,12,13,34,34,34,34,42,37,23,15,0,10,11,12,35,35,35,42,7,29,26,0,10,11,12,27,27,27,43,26,29,31,28,0,10,11,12,13,36,36,36,36,42,31,17,28,0,10,11,12,14,14,14,42,11,39,35,0,10,11,12,37,37,37,43,41,39,35,38,0,10,11,12,13,38,38,38,38,42,41,38,19,0,10,11,12,37,37,37,43,43,32,30,44,0,10,11,12,13,39,39,39,39,43,30,8,12,44,0,10,11,12,13,40,40,40,40,43,32,43,20,18,0,10,11,12,13,41,41,41,41,43,20,43,44,12,0,10,11,12,13,42,42,42,42,42,12,40,44,0,10,11,12,27,27,27,43,44,40,42,43,0,10,11,12,13,43,43,43,43,42,43,42,20,0,10,11,12,14,14,14],
    "vertices":[-0.885748,-0.152695,0.124014,-0.885748,-0.152695,-0.506468,1.16078,-0.152695,-0.506468,1.16078,-0.152695,0.124014,-0.885748,0.138037,0.124014,-0.885748,0.138037,-0.506468,1.16078,0.138037,-0.506468,1.16078,0.138037,0.124014,-0.282868,0.138037,0.124014,-0.282868,-0.152695,0.124014,-0.885748,-0.152695,1.03005,-0.885748,0.138037,1.03005,-0.282868,0.138037,1.03005,-0.282868,-0.152695,1.03005,-0.885748,0.093533,0.124014,-0.885748,0.093533,-0.506468,1.16078,0.093533,-0.506468,1.16078,0.093533,0.124014,-0.282868,0.093533,0.124014,-0.885748,0.093533,1.03005,-0.282868,0.093533,1.03005,-0.885748,0.138037,-0.570447,1.16078,0.138037,-0.570447,-0.885748,0.093533,-0.570447,1.16078,0.093533,-0.570447,1.21894,0.138037,-0.506468,1.21894,0.138037,0.124014,1.21894,0.093533,-0.506468,1.21894,0.093533,0.124014,1.16078,0.138037,0.168847,-0.240127,0.138037,0.168847,1.16078,0.093533,0.168847,-0.240127,0.093533,0.168847,-0.942039,0.138037,0.124014,-0.942039,0.138037,-0.506468,-0.942039,0.138037,1.03005,-0.942039,0.093533,0.124014,-0.942039,0.093533,-0.506468,-0.942039,0.093533,1.03005,-0.885748,0.138037,1.06396,-0.282868,0.138037,1.06396,-0.885748,0.093533,1.06396,-0.282868,0.093533,1.06396,-0.246356,0.093533,1.03014,-0.246356,0.138037,1.03014],
    "name":"Cube.002Geometry"
}