{
    "materials":[{
        "shading":"phong",
        "blending":"NormalBlending",
        "mapDiffuse":"perks.png",
        "mapDiffuseRepeat":[1,1],
        "wireframe":false,
        "DbgIndex":0,
        "depthTest":true,
        "colorSpecular":[0.052941,0.052941,0.052941],
        "vertexColors":false,
        "mapDiffuseAnisotropy":1,
        "opacity":1,
        "mapDiffuseWrap":["RepeatWrapping","RepeatWrapping"],
        "DbgName":"UNIFIED",
        "colorEmissive":[0.088941,0.088941,0.088941],
        "depthWrite":true,
        "transparent":false,
        "DbgColor":15658734,
        "visible":true,
        "specularCoef":50
    }],
    "metadata":{
        "materials":1,
        "version":3,
        "faces":6,
        "vertices":8,
        "normals":6,
        "uvs":1,
        "colors":0,
        "generator":"io_three",
        "type":"Geometry"
    },
    "normals":[-0.279913,0,-0.960025,0.279913,-0,0.960025,0.11733,0.992504,-0.03421,0.952829,-0.122216,-0.277814,-0.952829,0.122216,0.277814,-0.11733,-0.992504,0.03421],
    "uvs":[[0.470076,0.899763,0.468639,0.899763,0.468639,0.894017,0.470076,0.894017,0.467203,0.894017,0.467203,0.899763,0.4979,0.902894,0.497995,0.990796,0.447353,0.990851,0.447258,0.902949,0.471512,0.894017,0.472949,0.894017,0.472949,0.897328,0.471512,0.897328,0.470076,0.897328,0.497994,0.803274,0.498089,0.891814,0.44708,0.891869,0.446984,0.803329]],
    "colors":[],
    "faces":[43,0,1,2,3,0,0,1,2,3,0,0,0,0,43,7,6,5,4,0,4,2,1,5,1,1,1,1,43,0,3,7,4,0,6,7,8,9,2,2,2,2,43,1,0,4,5,0,10,11,12,13,3,3,3,3,43,3,2,6,7,0,13,14,3,10,4,4,4,4,43,2,1,5,6,0,15,16,17,18,5,5,5,5],
    "vertices":[0.363789,0.380501,-0.040597,0.360174,0.379447,-0.071181,-0.511282,0.125358,0.040597,-0.507666,0.126413,0.071181,0.511282,-0.125358,-0.040597,0.507666,-0.126413,-0.071181,-0.363789,-0.380501,0.040597,-0.360174,-0.379447,0.071181],
    "name":"Cube.004Geometry"
}