{
    "materials":[{
        "shading":"phong",
        "blending":"NormalBlending",
        "mapDiffuse":"perks.png",
        "mapDiffuseRepeat":[1,1],
        "wireframe":false,
        "DbgIndex":0,
        "depthTest":true,
        "colorSpecular":[0.052941,0.052941,0.052941],
        "vertexColors":false,
        "mapDiffuseAnisotropy":1,
        "opacity":1,
        "mapDiffuseWrap":["RepeatWrapping","RepeatWrapping"],
        "DbgName":"UNIFIED",
        "colorEmissive":[0.088941,0.088941,0.088941],
        "depthWrite":true,
        "transparent":false,
        "DbgColor":15658734,
        "visible":true,
        "specularCoef":50
    }],
    "metadata":{
        "materials":1,
        "version":3,
        "faces":105,
        "vertices":76,
        "normals":59,
        "uvs":1,
        "colors":0,
        "generator":"io_three",
        "type":"Geometry"
    },
    "normals":[-0.673975,-0,-0.738754,-0,1,-0,0,1,-0,0,1,0,-0,-0,-1,-0,-1,0,0,-1,0,-0,-1,0,-0,-1,-0,-0,-1,0,0,-1,-0,-1,0,-0,0,0,-0,-1,-0,0,0.944354,-0,-0.328931,0,-0,-1,0,0,-1,1,0,0,-0,0,1,-0.478793,0,0.877928,-0.488387,0,0.872627,0,-0,-1,0.623436,0,0.781875,0.623436,0,0.781874,0.623436,0,0.781874,0.623436,0,0.781874,0.623436,0,0.781874,-0,-1,1e-06,0,-1,1e-06,0,-1,1e-06,0,1,-0,0,-0,-1,-0,1,-0,0,1,-0,0,-0.957052,0.289917,0,0.957052,0.289917,0,-0.959088,0.283107,0,0.959088,0.283107,-1,-0,-0,0.488387,0,0.872627,0.478793,0,0.877928,0,1,-0,0,-0,-1,0,1,-0,0,-0,-1,0,-1,0,0,-1,0,-0,0,-1,0,-0,-1,1,0,-0,1,-0,-0,-0.994207,-0,-0.107481,-0.997413,-0,-0.071885,-0,-0,-1,-0,-0,-1,-1,0,0,1,0,-0,1,-0,-0,-1,0,-0],
    "uvs":[[0.010702,0.003828,0.013194,0.003828,0.013194,0.006319,0.010702,0.006319,0.012459,0.003828,0.012226,0.006129,0.012535,0.006199,0.012858,0.003828,0.011038,0.003828,0.01136,0.006199,0.011669,0.006129,0.011437,0.003828,0.019469,0.021444,0.020879,0.02086,0.021462,0.019451,0.020879,0.018041,0.019469,0.017457,0.01806,0.018041,0.017476,0.019451,0.01806,0.02086,0.01135,0.006319,0.010884,0.006319,0.017476,0.017457,0.021462,0.017457,0.021462,0.021444,0.017476,0.021444,0.013012,0.006319,0.011948,0.006319,0.013027,0.005696,0.013027,0.004451,0.010869,0.005696,0.012546,0.006319,0.021462,0.021444,0.048457,0.017435,0.0523,0.017435,0.0523,0.021278,0.048457,0.021278,0.0523,0.021278,0.048457,0.021278,0.01806,0.02086,0.012138,0.006257,0.01268,0.006081,0.013133,0.005458,0.01268,0.004066,0.011948,0.003828,0.011216,0.004066,0.010763,0.004688,0.010763,0.004728,0.012001,0.006302,0.010763,0.005395,0.011216,0.006081,0.012627,0.006099,0.013096,0.004637,0.041484,0.006043,0.040708,0.004866,0.041791,0.003544,0.044772,0.004974,0.01249,0.006143,0.012704,0.004098,0.0523,0.021278,0.010869,0.004451,0.056105,0.016455,0.061178,0.016455,0.061179,0.021529,0.056105,0.021529,0.055723,0.016791,0.059996,0.016791,0.059996,0.021064,0.055723,0.021064,0.057753,0.019369,0.062027,0.019369,0.062027,0.01959,0.057753,0.01959,0.061179,0.016455,0.056105,0.021529,0.04089,0.005382,0.04089,0.003246,0.044877,0.006451,0.040603,0.006451,0.04274,0.006451,0.04459,0.005382,0.04274,0.002177,0.058642,0.021529,0.060839,0.02026,0.060839,0.017723,0.058642,0.016455,0.056444,0.017723,0.056444,0.02026,0.061179,0.021529,0.04459,0.003246,0.043543,0.001766,0.042459,0.003088,0.042786,0.003749,0.043648,0.003653,0.040604,0.005574,0.041365,0.003058,0.041472,0.003179,0.041578,0.003301,0.042327,0.005383,0.041896,0.005431,0.041035,0.005526,0.012114,0.002186,0.012111,0.002181,0.012025,0.005778,0.012019,0.005837,0.012018,0.005771,0.013354,0.006272,0.013345,0.006273,0.013352,0.006287,0.013472,0.001491,0.013508,0.001584,0.013316,0.006276,0.01344,0.001584,0.013448,0.001499,0.013328,0.006316,0.013326,0.006275,0.012107,0.002177,0.011989,0.005771,0.012009,0.00584,0.01197,0.005796,0.012109,0.002179,0.058269,0.019714,0.058319,0.019698,0.058396,0.016463,0.058394,0.016461]],
    "colors":[],
    "faces":[43,0,1,2,3,0,0,1,2,3,0,0,0,0,42,9,4,5,0,3,0,4,1,1,1,42,9,5,6,0,3,4,5,1,1,1,42,8,0,3,0,7,1,2,2,2,2,42,9,6,7,0,3,5,6,1,1,1,42,7,8,3,0,6,7,2,1,1,1,42,7,3,9,0,6,2,3,3,3,3,43,1,0,10,11,0,0,1,2,3,4,4,4,4,42,2,1,12,0,3,0,8,5,5,5,42,2,12,13,0,3,8,9,6,6,6,42,15,16,17,0,11,1,2,7,7,7,42,2,13,14,0,3,9,10,8,8,8,42,14,15,17,0,10,11,2,9,9,9,42,14,17,2,0,10,2,3,10,10,10,42,23,3,2,0,19,12,13,11,11,11,42,2,18,19,0,13,14,15,11,11,11,42,20,21,22,0,16,17,18,12,12,12,42,2,19,20,0,13,15,16,11,11,11,42,22,23,2,0,18,19,13,13,13,13,42,2,20,22,0,13,16,18,11,11,11,43,16,4,9,17,0,0,1,2,3,14,14,14,14,43,5,4,24,25,0,11,1,2,20,15,15,15,15,43,0,8,26,10,0,0,8,21,3,15,15,15,15,43,9,3,23,27,0,22,23,24,25,3,3,3,3,43,12,1,11,28,0,7,1,2,26,16,16,16,16,43,11,10,29,30,0,27,28,29,30,17,17,17,17,43,16,15,31,32,0,0,4,31,3,16,16,16,16,43,2,17,33,18,0,22,23,32,25,10,10,10,10,43,19,18,33,34,0,0,1,2,3,18,18,18,18,43,20,19,35,36,0,33,34,35,36,19,19,19,19,43,21,20,37,38,0,0,1,2,3,18,18,18,18,43,22,21,39,40,0,33,34,37,38,20,20,20,20,43,23,22,41,27,0,0,1,2,3,18,18,18,18,43,4,16,32,24,0,0,1,2,3,21,21,21,21,42,33,17,9,0,39,12,13,22,22,22,42,9,27,41,0,13,14,15,23,23,23,42,38,37,34,0,16,17,18,12,12,12,42,9,41,38,0,13,15,16,24,24,24,42,34,33,9,0,18,39,13,25,25,25,42,9,38,34,0,13,16,18,26,26,26,42,47,25,24,0,47,40,41,27,27,27,42,24,42,43,0,41,42,43,28,28,28,42,44,45,46,0,44,45,46,12,12,12,42,24,43,44,0,41,43,44,28,28,28,42,46,47,24,0,46,47,41,29,29,29,42,24,44,46,0,41,44,46,28,28,28,43,10,26,48,29,0,27,48,49,50,29,29,29,29,43,28,11,30,49,0,51,41,42,52,30,30,30,30,43,29,48,49,30,0,53,54,55,56,31,31,31,31,42,55,32,31,0,50,27,57,32,32,32,42,31,50,51,0,57,58,43,30,30,30,42,52,53,54,0,44,45,46,12,12,12,42,31,51,52,0,57,43,44,33,33,33,42,54,55,31,0,46,50,57,33,33,33,42,31,52,54,0,57,44,46,30,30,30,43,19,34,56,35,0,33,34,35,36,34,34,34,34,43,37,20,36,57,0,33,34,35,36,35,35,35,35,43,36,35,56,57,0,33,34,35,36,18,18,18,18,43,21,38,58,39,0,33,34,37,36,36,36,36,36,43,41,22,40,59,0,33,34,59,36,37,37,37,37,43,40,39,58,59,0,33,34,35,38,18,18,18,18,42,42,24,32,0,30,27,28,11,11,11,42,32,55,60,0,28,29,44,11,11,11,42,61,42,32,0,60,30,28,13,13,13,42,32,60,61,0,28,44,60,38,38,38,43,38,41,59,58,0,33,34,59,36,39,39,39,39,43,34,37,57,56,0,33,34,35,36,40,40,40,40,43,44,43,63,64,0,61,62,63,64,41,41,41,41,43,44,53,52,45,0,65,66,67,68,42,42,42,42,43,46,45,65,66,0,61,62,63,64,43,43,43,43,43,46,51,50,47,0,69,70,71,72,44,44,44,44,43,52,51,67,68,0,61,73,63,74,45,45,45,45,43,54,53,69,70,0,61,62,63,74,46,46,46,46,43,42,61,62,43,0,75,76,77,78,47,47,47,47,43,61,60,71,62,0,79,80,81,76,48,48,48,48,42,63,43,62,0,87,82,83,17,17,17,42,62,71,54,0,83,84,85,49,49,49,42,54,70,63,0,85,86,87,49,49,49,42,62,54,63,0,83,85,87,50,50,50,43,53,44,64,69,0,61,73,63,74,51,51,51,51,43,63,70,69,64,0,61,73,88,74,47,47,47,47,43,45,52,68,65,0,61,73,63,74,49,49,49,49,43,51,46,66,67,0,82,85,86,87,52,52,52,52,43,65,68,67,66,0,61,73,63,74,47,47,47,47,43,71,60,55,54,0,78,80,89,77,15,15,15,15,43,49,48,73,72,0,90,91,92,93,17,17,17,17,42,73,7,6,0,100,94,95,16,16,16,42,75,74,14,0,96,97,55,49,49,49,42,73,6,75,0,100,95,96,15,15,15,42,14,13,72,0,55,98,99,47,47,47,42,72,73,75,0,99,100,96,53,53,53,42,75,14,72,0,96,55,99,54,54,54,42,15,14,74,0,105,101,102,11,11,11,42,74,50,31,0,102,103,104,55,55,55,42,74,31,15,0,102,104,105,55,55,55,42,8,7,73,0,110,106,107,49,49,49,42,73,48,26,0,107,108,109,56,56,56,42,73,26,8,0,107,109,110,49,49,49,42,72,13,12,0,115,111,112,57,57,57,42,12,28,49,0,112,113,114,49,49,49,42,12,49,72,0,112,114,115,49,49,49,42,75,6,5,0,120,116,117,13,13,13,42,5,25,47,0,117,118,119,58,58,58,42,5,47,75,0,117,119,120,58,58,58,43,47,50,74,75,0,121,122,123,124,11,11,11,11],