{
    "materials":[{
        "shading":"phong",
        "blending":"NormalBlending",
        "mapDiffuse":"perks.png",
        "mapDiffuseRepeat":[1,1],
        "wireframe":false,
        "DbgIndex":0,
        "depthTest":true,
        "colorSpecular":[0.052941,0.052941,0.052941],
        "vertexColors":false,
        "mapDiffuseAnisotropy":1,
        "opacity":1,
        "mapDiffuseWrap":["RepeatWrapping","RepeatWrapping"],
        "DbgName":"UNIFIED",
        "colorEmissive":[0.088941,0.088941,0.088941],
        "depthWrite":true,
        "transparent":false,
        "DbgColor":15658734,
        "visible":true,
        "specularCoef":50
    }],
    "metadata":{
        "materials":1,
        "version":3,
        "faces":12,
        "vertices":16,
        "normals":12,
        "uvs":1,
        "colors":0,
        "generator":"io_three",
        "type":"Geometry"
    },
    "normals":[-1,0,0,0,-1,0,1,0,0,0,1,-0,-0,0,1,-0,0,-1,0.001503,0,-0.999999,-0,-1,-0,-0.001503,-0,0.999999,0,1,0,-0.999999,0,-0.001503,0.999999,-0,0.001503],
    "uvs":[[0.024713,0.003717,0.02574,0.003717,0.02574,0.006314,0.024713,0.006314,0.027839,0.00112,0.028881,0.00112,0.028881,0.003717,0.027839,0.003717,0.026767,0.006314,0.026767,0.003717,0.024713,0.00112,0.025755,0.00112,0.025755,0.003717,0.02882,0.003717,0.029847,0.003717,0.029847,0.00474,0.02882,0.00474,0.02882,0.005763,0.027793,0.005763,0.027793,0.00474,0.029907,0.003717,0.028881,0.003717,0.029907,0.00112,0.026797,0.003717,0.026797,0.00112,0.027793,0.003717,0.027793,0.006314,0.027793,0.00474,0.029847,0.005763]],
    "colors":[],
    "faces":[43,1,0,4,5,0,2,3,0,1,0,0,0,0,43,5,6,2,1,0,4,5,6,7,1,1,1,1,43,6,7,3,2,0,8,2,1,9,2,2,2,2,43,0,3,7,4,0,12,0,10,11,3,3,3,3,43,0,1,2,3,0,13,14,15,16,4,4,4,4,43,7,6,5,4,0,17,18,19,16,5,5,5,5,43,12,13,9,8,0,20,21,5,22,6,6,6,6,43,13,14,10,9,0,23,12,11,24,7,7,7,7,43,14,15,11,10,0,9,25,26,8,8,8,8,8,43,15,12,8,11,0,24,4,7,23,9,9,9,9,43,8,9,10,11,0,16,27,25,13,10,10,10,10,43,15,14,13,12,0,16,15,28,17,11,11,11,11],
    "vertices":[-0.163829,-0.415914,0.161443,-0.163829,-0.415914,-0.161443,0.163829,-0.415914,-0.161443,0.163829,-0.415914,0.161443,-0.163829,0.415914,0.161443,-0.163829,0.415914,-0.161443,0.163829,0.415914,-0.161443,0.163829,0.415914,0.161443,-0.415667,0.164454,0.161443,-0.415667,0.164454,-0.161443,-0.416159,-0.163204,-0.161443,-0.416159,-0.163204,0.161443,0.416159,0.163204,0.161443,0.416159,0.163204,-0.161443,0.415667,-0.164454,-0.161443,0.415667,-0.164454,0.161443],
    "name":"Cube.008Geometry"
}