{
    "materials":[{
        "shading":"phong",
        "blending":"NormalBlending",
        "mapDiffuse":"perks.png",
        "mapDiffuseRepeat":[1,1],
        "wireframe":false,
        "DbgIndex":0,
        "depthTest":true,
        "colorSpecular":[0.052941,0.052941,0.052941],
        "vertexColors":false,
        "mapDiffuseAnisotropy":1,
        "opacity":1,
        "mapDiffuseWrap":["RepeatWrapping","RepeatWrapping"],
        "DbgName":"UNIFIED",
        "colorEmissive":[0.088941,0.088941,0.088941],
        "depthWrite":true,
        "transparent":false,
        "DbgColor":15658734,
        "visible":true,
        "specularCoef":50
    }],
    "metadata":{
        "materials":1,
        "version":3,
        "faces":11,
        "vertices":10,
        "normals":11,
        "uvs":1,
        "colors":0,
        "generator":"io_three",
        "type":"Geometry"
    },
    "normals":[0.480482,0.184722,-0.85733,0.800229,0.30765,0.514767,-0.800229,-0.307649,-0.514767,-0.480482,-0.184722,0.85733,0.358846,-0.933397,0,0.358846,-0.933397,0,0.358846,-0.933397,0,-0.226095,-0.086923,-0.970219,-0.358846,0.933397,-0,-0.358846,0.933397,-0,-0.358846,0.933397,-0],
    "uvs":[[0.441664,0.898529,0.441664,0.902116,0.432379,0.902116,0.432379,0.898529,0.442077,0.891621,0.442076,0.907998,0.384935,0.907979,0.384937,0.891601,0.433908,0.800462,0.433907,0.804437,0.384966,0.804421,0.384967,0.800446,0.299045,0.165223,0.299045,0.147985,0.675957,0.147985,0.675957,0.165223,0.433907,0.80476,0.442104,0.812948,0.442078,0.891535,0.384937,0.891516,0.384966,0.804744,0.442108,0.800465,0.442107,0.80444,0.442076,0.908159,0.44205,0.986887,0.433847,0.995084,0.384906,0.995067,0.384935,0.90814]],
    "colors":[],
    "faces":[43,5,4,9,6,0,0,1,2,3,0,0,0,0,43,4,5,3,2,0,4,5,6,7,1,1,1,1,43,1,0,7,8,0,10,11,8,9,2,2,2,2,43,0,1,2,3,0,12,13,14,15,3,3,3,3,42,1,8,9,0,20,16,17,4,4,4,42,9,4,2,0,17,18,19,5,5,5,42,9,2,1,0,17,19,20,6,6,6,43,6,9,8,7,0,21,22,9,8,7,7,7,7,42,3,5,6,0,27,23,24,8,8,8,42,6,7,0,0,24,25,26,9,9,9,42,6,0,3,0,24,26,27,10,10,10],
    "vertices":[-0.453246,-0.016232,-0.154705,-0.440152,-0.016232,-0.188763,0.198293,-0.426928,0.056688,0.1852,-0.426928,0.090746,0.450279,0.022694,0.153565,0.437186,0.022694,0.187622,-0.141035,0.394649,-0.034675,-0.237421,0.368867,-0.071731,-0.224327,0.368867,-0.105789,-0.127941,0.394649,-0.068733],
    "name":"CubeGeometry"
}