{
    "name":"Cube.010Geometry.3",
    "vertices":[0.098428,0.298774,-0.098428,0,0.298774,-0.139198,0,-0.550758,-0.215034,0,0.186808,-0.215034,0.152052,-0.550758,-0.152052,0.152052,0.186808,-0.152052,0.215034,-0.550758,0,0.215034,0.186808,0,0.152052,-0.550758,0.152052,0.152052,0.186808,0.152052,0,-0.550758,0.215034,0,0.186808,0.215034,-0.152052,-0.550758,0.152052,-0.152052,0.186808,0.152052,-0.215034,-0.550758,0,-0.215034,0.186808,-0,-0.152052,-0.550758,-0.152052,-0.152052,0.186808,-0.152052,0.139198,0.298774,-0,0.098428,0.298774,0.098428,0,0.298774,0.139198,-0.098428,0.298774,0.098428,-0.139198,0.298774,-0,-0.098428,0.298774,-0.098428,0.068901,0.717421,-0.068901,0,0.717421,-0.09744,0.09744,0.717421,-0,0.068901,0.717421,0.068901,0,0.717421,0.09744,-0.068901,0.717421,0.068901,-0.09744,0.717421,-0,-0.068901,0.717421,-0.068901,0.081851,0.717421,-0.081851,0,0.717421,-0.115755,0.115755,0.717421,-0,0.081851,0.717421,0.081851,0,0.717421,0.115755,-0.081851,0.717421,0.081851,-0.115755,0.717421,-0,-0.081851,0.717421,-0.081851,0.06749,0.762738,-0.06749,0,0.762738,-0.095446,0.095446,0.762738,-0,0.06749,0.762738,0.06749,0,0.762738,0.095446,-0.06749,0.762738,0.06749,-0.095445,0.762738,-0,-0.06749,0.762738,-0.06749,0.078743,0.577872,-0.078743,0.088586,0.438323,-0.088585,0,0.438323,-0.125279,0,0.577872,-0.11136,0.11136,0.577872,-0,0.125279,0.438323,-0,0.078743,0.577872,0.078743,0.088586,0.438323,0.088585,0,0.577872,0.111359,0,0.438323,0.125279,-0.078743,0.577872,0.078743,-0.088585,0.438323,0.088585,-0.111359,0.577872,-0,-0.125279,0.438323,-0,-0.078743,0.577872,-0.078743,-0.088585,0.438323,-0.088585,0,-0.208119,-0.215034,0,0.037736,-0.215034,0.152052,0.037736,-0.152052,0.152052,-0.208119,-0.152052,0.215034,0.037736,0,0.215034,-0.208119,0,0.152052,0.037736,0.152052,0.152052,-0.208119,0.152052,0,0.037736,0.215034,0,-0.208119,0.215034,-0.152052,0.037736,0.152052,-0.152052,-0.208119,0.152052,-0.215034,0.037736,-0,-0.215034,-0.208119,0],
    "uvs":[[0.050054,0.004243,0.050475,0.004238,0.050222,0.004718,0.049949,0.004717,0.052927,0.003229,0.052927,0.004243,0.052332,0.004243,0.052332,0.003229,0.049459,0.004243,0.049564,0.004717,0.051911,0.004238,0.051911,0.003227,0.049038,0.004238,0.049292,0.004718,0.050475,0.003227,0.050054,0.003229,0.051491,0.004243,0.051911,0.004238,0.051658,0.004718,0.051386,0.004717,0.049459,0.003229,0.050896,0.004243,0.051001,0.004717,0.049038,0.003227,0.052822,0.004717,0.052437,0.004717,0.052476,0.005872,0.052784,0.005872,0.052764,0.006449,0.052495,0.006449,0.051911,0.003227,0.051491,0.003229,0.050728,0.004718,0.050896,0.0012,0.050475,0.002215,0.050475,0.001204,0.051491,0.0012,0.051491,0.002215,0.052165,0.004718,0.060454,0.004779,0.059197,0.006229,0.057418,0.006229,0.05616,0.004779,0.05616,0.002728,0.057418,0.001278,0.059197,0.001278,0.060454,0.002728,0.060036,0.003027,0.058994,0.001826,0.059133,0.00144,0.060371,0.002868,0.052258,0.005874,0.052304,0.006451,0.049911,0.005872,0.050129,0.005874,0.050082,0.006451,0.049891,0.006449,0.049603,0.005872,0.049622,0.006449,0.049385,0.005874,0.049431,0.006451,0.051347,0.005872,0.051565,0.005874,0.051519,0.006451,0.051328,0.006449,0.051039,0.005872,0.051058,0.006449,0.050821,0.005874,0.050868,0.006451,0.057451,0.004729,0.057567,0.002715,0.058449,0.002783,0.058333,0.004797,0.060036,0.004727,0.060371,0.004886,0.058994,0.005928,0.059133,0.006314,0.05752,0.005928,0.057382,0.006314,0.056478,0.004727,0.056143,0.004886,0.056478,0.003027,0.056143,0.002868,0.05752,0.001826,0.057382,0.00144,0.060484,0.002941,0.060484,0.00496,0.059246,0.006387,0.057495,0.006387,0.056257,0.00496,0.056257,0.002941,0.057495,0.001514,0.059246,0.001514,0.057567,0.006169,0.058449,0.006236,0.057224,0.002738,0.057422,0.00131,0.058306,0.00131,0.058108,0.002738,0.057224,0.004756,0.058108,0.004756,0.057422,0.006184,0.058306,0.006184,0.059388,0.004756,0.05919,0.006184,0.058504,0.004756,0.059388,0.002738,0.058504,0.002738,0.05919,0.00131,0.052803,0.005295,0.052456,0.005295,0.059532,0.005113,0.059878,0.005113,0.059859,0.00569,0.059551,0.00569,0.052211,0.005296,0.059287,0.005114,0.059333,0.005692,0.050175,0.005296,0.04993,0.005295,0.057006,0.005113,0.057251,0.005114,0.057204,0.005692,0.056986,0.00569,0.049583,0.005295,0.056659,0.005113,0.056678,0.00569,0.049338,0.005296,0.056414,0.005114,0.05646,0.005692,0.051612,0.005296,0.051366,0.005295,0.058442,0.005113,0.058687,0.005114,0.058641,0.005692,0.058423,0.00569,0.05102,0.005295,0.058095,0.005113,0.058115,0.00569,0.050775,0.005296,0.05785,0.005114,0.057897,0.005692,0.052927,0.0012,0.052927,0.002215,0.052332,0.002215,0.052332,0.0012,0.059821,0.004392,0.059821,0.005406,0.059226,0.005406,0.059226,0.004392,0.051911,0.002215,0.051911,0.001204,0.058805,0.005404,0.058805,0.004392,0.050054,0.002215,0.050054,0.0012,0.057369,0.004392,0.057369,0.005404,0.056948,0.005406,0.056948,0.004392,0.049459,0.002215,0.049459,0.0012,0.056353,0.005406,0.056353,0.004392,0.049038,0.002215,0.049038,0.001204,0.055933,0.005404,0.055933,0.004392,0.051911,0.002215,0.058805,0.004392,0.058805,0.005404,0.058385,0.005406,0.058385,0.004392]],
    "metadata":{
        "normals":74,
        "uvs":1,
        "colors":0,
        "version":3,
        "vertices":78,
        "faces":86,
        "type":"Geometry",
        "materials":1,
        "generator":"io_three"
    },
    "normals":[0.783182,0.324405,-0.53046,0.382683,-0.92388,0,0.324405,0.783182,-0.53046,0.92388,-0.382684,0,-0.324405,0.783182,-0.53046,0.923879,0.382684,-0,-0.783182,0.324405,-0.53046,0.382683,0.92388,-0,-0.783182,-0.324405,-0.53046,-0.382684,0.923879,-0,0.324405,-0.783182,-0.53046,0.381069,-0.919981,-0.091763,-0.92388,0.382683,-0,-0.324405,-0.783182,-0.53046,-0.382684,-0.92388,0,-0.382684,-0.923879,0,-0.382684,-0.92388,0,-0.382684,-0.923879,0,-0.92388,-0.382683,0,1,0,-0,-0.92388,-0.382683,0,-0.92388,-0.382683,0,0.783182,-0.324405,-0.53046,-0,0,1,0,-0,1,0,0,1,0,0,1,-0,-0,1,-0,0,1,0.919981,-0.381069,-0.091763,0.919981,0.381069,-0.091763,0.381069,0.919981,-0.091763,-0.381069,0.919981,-0.091763,-0.919982,0.381069,-0.091763,-0.919982,-0.381069,-0.091763,-0.381069,-0.919981,-0.091763,0.353574,-0.853603,-0.382554,-0,-0,1,0,0,-1,-0,0,-1,0.853603,-0.353574,-0.382554,0.853603,0.353574,-0.382554,0.353574,0.853603,-0.382554,-0.353574,0.853603,-0.382554,-0.853603,0.353574,-0.382554,-0.853603,-0.353574,-0.382554,-0.353574,-0.853603,-0.382554,0.381069,-0.919982,-0.091763,0.381069,-0.919981,-0.091763,0.919982,-0.381069,-0.091763,0.919981,-0.381069,-0.091763,0.919981,0.381069,-0.091763,0.919981,0.381069,-0.091763,0.381069,0.919981,-0.091763,-0.381069,0.919981,-0.091763,-0.381069,0.919981,-0.091763,-0.919982,0.381069,-0.091763,-0.919982,0.381069,-0.091763,-0.919982,-0.381069,-0.091763,-0.919982,-0.381069,-0.091763,-0.381069,-0.919982,-0.091763,-0.381069,-0.919981,-0.091763,0.382683,-0.92388,0,0.382683,-0.92388,0,0.923879,-0.382684,0,0.92388,-0.382684,0,0.923879,0.382684,-0,0.92388,0.382684,-0,0.382683,0.92388,-0,0.382683,0.92388,-0,-0.382684,0.923879,-0,-0.382684,0.92388,-0,-0.92388,0.382683,-0,-0.92388,0.382683,-0],
    "materials":[{
        "specularCoef":50,
        "shading":"phong",
        "blending":"NormalBlending",
        "mapDiffuseAnisotropy":1,
        "opacity":1,
        "depthWrite":true,
        "mapDiffuse":"perks.png",
        "DbgIndex":0,
        "wireframe":false,
        "colorSpecular":[0.052941,0.052941,0.052941],
        "depthTest":true,
        "mapDiffuseWrap":["RepeatWrapping","RepeatWrapping"],
        "vertexColors":false,
        "transparent":false,
        "colorEmissive":[0.088941,0.088941,0.088941],
        "DbgName":"UNIFIED",
        "mapDiffuseRepeat":[1,1],
        "DbgColor":15658734,
        "visible":true
    }],