{
    "materials":[{
        "shading":"phong",
        "blending":"NormalBlending",
        "mapDiffuse":"perks.png",
        "mapDiffuseRepeat":[1,1],
        "wireframe":false,
        "DbgIndex":0,
        "depthTest":true,
        "colorSpecular":[0.052941,0.052941,0.052941],
        "vertexColors":false,
        "mapDiffuseAnisotropy":1,
        "opacity":1,
        "mapDiffuseWrap":["RepeatWrapping","RepeatWrapping"],
        "DbgName":"UNIFIED",
        "colorEmissive":[0.088941,0.088941,0.088941],
        "depthWrite":true,
        "transparent":false,
        "DbgColor":15658734,
        "visible":true,
        "specularCoef":50
    }],
    "metadata":{
        "materials":1,
        "version":3,
        "faces":51,
        "vertices":44,
        "normals":51,
        "uvs":1,
        "colors":0,
        "generator":"io_three",
        "type":"Geometry"
    },
    "normals":[0.281722,-0.959493,0.00243,0.755722,-0.654861,0.006518,0.989785,-0.142315,0.008537,0.909598,0.415415,0.007845,0.540621,0.841254,0.004663,-0,1,-0,-0.540621,0.841253,-0.004663,-0.909598,0.415415,-0.007845,-0.989785,-0.142315,-0.008537,-0.008625,-0,0.999963,-0.281722,-0.959493,-0.00243,-0.755721,-0.654861,-0.006518,-0.008625,1e-06,0.999963,-0.008624,-0,0.999963,-0.008624,-0,0.999963,-0.008625,1e-06,0.999963,-0.008624,0,0.999963,-0.008625,-1e-06,0.999963,-0.008624,-0,0.999963,-0.008625,0,0.999963,-0.008624,-0,0.999963,-0.281722,-0.959493,-0.00243,-0.008625,-0,0.999963,-0.008625,-0,0.999963,-0.008625,0,0.999963,-0.008625,0,0.999963,-0.008625,-0,0.999963,-0.008625,0,0.999963,-0.008624,-0,0.999963,-0.008625,-0,0.999963,-0.008624,0,0.999963,-0.008625,0,0.999963,0.008624,0,-0.999963,0.008624,-0,-0.999963,0.008624,-0,-0.999963,0.008624,0,-0.999963,0.008624,-0,-0.999963,0.008624,0,-0.999963,0.008624,-0,-0.999963,0.008625,-0,-0.999963,0.008625,-0,-0.999963,-0.755721,-0.654861,-0.006518,-0.989784,-0.142315,-0.008537,-0.909598,0.415415,-0.007845,-0.540621,0.841253,-0.004663,-0,1,-0,0.540621,0.841254,0.004663,0.909598,0.415415,0.007845,0.989785,-0.142315,0.008537,0.755721,-0.654861,0.006518,0.281722,-0.959493,0.00243],
    "uvs":[[0.425054,0.005268,0.425054,0.243865,0.401941,0.243865,0.401941,0.005268,0.374466,0.243865,0.374466,0.005268,0.351353,0.243865,0.351353,0.005268,0.33994,0.243865,0.33994,0.005268,0.33994,0.243865,0.328527,0.243865,0.328527,0.005268,0.305414,0.243865,0.305414,0.005268,0.277939,0.243865,0.277939,0.005268,0.254827,0.243865,0.254827,0.005268,0.498754,0.005268,0.498754,0.243865,0.475641,0.243865,0.475641,0.005268,0.003311,0.009591,0.002951,0.009591,0.002913,0.00946,0.00335,0.00946,0.448167,0.005268,0.448167,0.243865,0.425054,0.005268,0.276285,0.202507,0.28647,0.205501,0.293419,0.213526,0.294926,0.224034,0.290513,0.233689,0.28158,0.239425,0.270965,0.239421,0.262036,0.233679,0.25763,0.224021,0.259144,0.213514,0.266099,0.205494,0.003466,0.012591,0.003095,0.012709,0.003074,0.012394,0.003285,0.012324,0.002649,0.009786,0.002545,0.009696,0.002499,0.010113,0.002364,0.010094,0.00255,0.010469,0.002426,0.010526,0.002786,0.010741,0.002712,0.010856,0.003131,0.010843,0.003131,0.010979,0.003477,0.010741,0.00355,0.010856,0.003712,0.010469,0.003837,0.010526,0.003764,0.010113,0.003899,0.010094,0.003614,0.009786,0.003717,0.009696,0.003306,0.014294,0.002889,0.014294,0.002538,0.014069,0.002365,0.01369,0.002425,0.013277,0.002698,0.012962,0.003098,0.012844,0.003498,0.012962,0.003771,0.013277,0.00383,0.01369,0.003657,0.014069,0.002712,0.012609,0.002869,0.012332,0.002447,0.012309,0.002734,0.012165,0.002391,0.011911,0.002713,0.011948,0.002562,0.011545,0.002814,0.011751,0.002902,0.011329,0.003005,0.011637,0.003305,0.011329,0.003226,0.011642,0.003642,0.011546,0.003407,0.011765,0.003804,0.011911,0.00349,0.011963,0.003736,0.012303,0.003446,0.012173]],
    "colors":[],
    "faces":[43,0,1,3,2,0,0,1,2,3,0,0,0,0,43,2,3,5,4,0,3,2,4,5,1,1,1,1,43,4,5,7,6,0,5,4,6,7,2,2,2,2,43,6,7,9,8,0,7,6,8,9,3,3,3,3,43,8,9,11,10,0,9,10,11,12,4,4,4,4,43,10,11,13,12,0,12,11,13,14,5,5,5,5,43,12,13,15,14,0,14,13,15,16,6,6,6,6,43,14,15,17,16,0,16,15,17,18,7,7,7,7,43,16,17,19,18,0,19,20,21,22,8,8,8,8,43,1,21,32,22,0,23,24,25,26,9,9,9,9,43,1,0,20,21,0,1,29,27,28,10,10,10,10,43,18,19,21,20,0,22,21,28,27,11,11,11,11,42,20,0,2,0,40,30,31,12,12,12,42,2,4,6,0,31,32,33,13,13,13,42,6,8,10,0,33,34,35,14,14,14,42,10,12,14,0,35,36,37,15,15,15,42,14,16,18,0,37,38,39,16,16,16,42,18,20,2,0,39,40,31,17,17,17,42,2,6,10,0,31,33,35,18,18,18,42,10,14,18,0,35,37,39,19,19,19,42,2,10,18,0,31,35,39,20,20,20,43,22,32,43,33,0,41,42,43,44,21,21,21,21,43,21,19,31,32,0,24,45,46,25,22,22,22,22,43,19,17,30,31,0,45,47,48,46,23,23,23,23,43,17,15,29,30,0,47,49,50,48,24,24,24,24,43,15,13,28,29,0,49,51,52,50,25,25,25,25,43,13,11,27,28,0,51,53,54,52,26,26,26,26,43,11,9,26,27,0,53,55,56,54,27,27,27,27,43,9,7,25,26,0,55,57,58,56,28,28,28,28,43,7,5,24,25,0,57,59,60,58,29,29,29,29,43,5,3,23,24,0,59,61,62,60,30,30,30,30,43,3,1,22,23,0,61,23,26,62,31,31,31,31,42,35,34,33,0,73,63,64,32,32,32,42,33,43,42,0,64,65,66,33,33,33,42,42,41,40,0,66,67,68,34,34,34,42,40,39,38,0,68,69,70,35,35,35,42,38,37,36,0,70,71,72,36,36,36,42,36,35,33,0,72,73,64,37,37,37,42,33,42,40,0,64,66,68,38,38,38,42,40,38,36,0,68,70,72,39,39,39,42,33,40,36,0,64,68,72,40,40,40,43,32,31,42,43,0,42,74,75,43,41,41,41,41,43,31,30,41,42,0,74,76,77,75,42,42,42,42,43,30,29,40,41,0,76,78,79,77,43,43,43,43,43,29,28,39,40,0,78,80,81,79,44,44,44,44,43,28,27,38,39,0,80,82,83,81,45,45,45,45,43,27,26,37,38,0,82,84,85,83,46,46,46,46,43,26,25,36,37,0,84,86,87,85,47,47,47,47,43,25,24,35,36,0,86,88,89,87,48,48,48,48,43,24,23,34,35,0,88,90,91,89,49,49,49,49,43,23,22,33,34,0,90,41,44,91,50,50,50,50],
    "vertices":[0.030705,-0.542755,-0.260519,0.037859,0.286652,-0.260519,0.171547,-0.543969,-0.219162,0.1787,0.285438,-0.219162,0.267673,-0.544798,-0.108223,0.274826,0.284609,-0.108223,0.288563,-0.544979,0.037076,0.295716,0.284428,0.037076,0.227585,-0.544453,0.170604,0.234738,0.284954,0.170604,0.104099,-0.543388,0.249966,0.111252,0.286019,0.249966,-0.042689,-0.542122,0.249966,-0.035535,0.287285,0.249966,-0.166175,-0.541057,0.170604,-0.159021,0.28835,0.170604,-0.227153,-0.540531,0.037076,-0.219999,0.288876,0.037076,-0.206262,-0.540711,-0.108223,-0.199109,0.288696,-0.108224,-0.110137,-0.54154,-0.219162,-0.102983,0.287867,-0.219162,0.037859,0.286652,-0.316208,0.208807,0.285178,-0.266011,0.325481,0.284172,-0.131357,0.350836,0.283953,0.045001,0.276824,0.284591,0.207072,0.126941,0.285884,0.303399,-0.051224,0.287421,0.303399,-0.201107,0.288713,0.207072,-0.275119,0.289352,0.045001,-0.249764,0.289133,-0.131358,-0.13309,0.288127,-0.266011,0.039396,0.464953,-0.316208,0.210345,0.463479,-0.266011,0.327018,0.462472,-0.131357,0.352374,0.462254,0.045001,0.278361,0.462892,0.207072,0.128479,0.464185,0.303399,-0.049687,0.465721,0.303399,-0.199569,0.467014,0.207072,-0.273581,0.467652,0.045001,-0.248226,0.467434,-0.131358,-0.131552,0.466427,-0.266011],
    "name":"Cylinder.002Geometry"
}