{
    "materials":[{
        "shading":"phong",
        "blending":"NormalBlending",
        "mapDiffuse":"perks.png",
        "mapDiffuseRepeat":[1,1],
        "wireframe":false,
        "DbgIndex":0,
        "depthTest":true,
        "colorSpecular":[0.052941,0.052941,0.052941],
        "vertexColors":false,
        "mapDiffuseAnisotropy":1,
        "opacity":1,
        "mapDiffuseWrap":["RepeatWrapping","RepeatWrapping"],
        "DbgName":"UNIFIED",
        "colorEmissive":[0.088941,0.088941,0.088941],
        "depthWrite":true,
        "transparent":false,
        "DbgColor":15658734,
        "visible":true,
        "specularCoef":50
    }],
    "metadata":{
        "materials":1,
        "version":3,
        "faces":39,
        "vertices":30,
        "normals":39,
        "uvs":1,
        "colors":0,
        "generator":"io_three",
        "type":"Geometry"
    },
    "normals":[0.39626,-0.284263,-0.873025,0.658037,0.141873,-0.739499,0.743495,0.529995,-0.407825,0.643732,0.76525,0.001346,0.207186,0.768828,0.60496,-0.428888,0.242978,0.870067,0.668142,-0.562899,0.48655,0.668143,-0.562899,0.486549,0.668142,-0.562899,0.48655,0.668142,-0.562899,0.486549,0.668143,-0.562899,0.486549,0.668142,-0.562899,0.486549,0.668142,-0.562899,0.486549,0.668142,-0.562899,0.486549,0.668142,-0.562899,0.486549,0.668142,-0.562899,0.486549,0.668142,-0.562899,0.486549,-0.574353,0.025494,0.818211,-0.741973,-0.552716,0.379449,-0.629734,-0.776105,-0.033126,0.028305,-0.634232,-0.772624,-0.347235,-0.814258,-0.4652,-0.668143,0.562899,-0.486549,-0.668142,0.562899,-0.48655,-0.668143,0.562898,-0.486549,-0.668142,0.562899,-0.486549,-0.668142,0.5629,-0.486549,-0.668142,0.562899,-0.486549,-0.668142,0.562899,-0.48655,-0.668142,0.562899,-0.486549,-0.668142,0.562899,-0.48655,-0.668142,0.562899,-0.486549,-0.668142,0.562899,-0.486549,0.710835,0.676087,-0.193958,0.010908,0.661275,0.750064,-0.219771,0.475448,0.851851,0.668142,-0.562899,0.486549,-0.710835,-0.676087,0.193958,-0.668142,0.562899,-0.486549],
    "uvs":[[0.011612,0.001726,0.011612,0.003592,0.011189,0.003592,0.011189,0.001726,0.011189,0.001726,0.010839,0.003592,0.010839,0.001726,0.010366,0.003592,0.010366,0.001726,0.009815,0.003592,0.009815,0.001726,0.011909,0.005459,0.011909,0.003592,0.012255,0.003592,0.012255,0.005459,0.011274,0.005459,0.011274,0.003592,0.011563,0.003592,0.011563,0.005459,0.027089,0.006512,0.025562,0.006103,0.024444,0.004985,0.024035,0.003459,0.024444,0.001675,0.025562,0.000939,0.026497,0.000635,0.02768,0.000635,0.028615,0.000939,0.029733,0.001675,0.030142,0.003459,0.029733,0.004985,0.028615,0.006103,0.013548,0.001726,0.013548,0.003592,0.012998,0.003592,0.012998,0.001726,0.012524,0.003592,0.012524,0.001726,0.012101,0.001726,0.012101,0.003592,0.012524,0.001726,0.012524,0.003592,0.028585,0.006103,0.027059,0.006512,0.025532,0.006103,0.024415,0.004985,0.024005,0.003459,0.024415,0.001675,0.025532,0.000939,0.026467,0.000635,0.02765,0.000635,0.028585,0.000939,0.029703,0.001675,0.030112,0.003459,0.029703,0.004985,0.010545,0.005459,0.010545,0.003592,0.011274,0.003592,0.012544,0.003592,0.012544,0.005459,0.01291,0.003592,0.01291,0.005459,0.012544,0.005459,0.01291,0.004313,0.013276,0.004313,0.013276,0.005034,0.01291,0.005034,0.009815,0.005459,0.009815,0.003592,0.013276,0.003592]],
    "colors":[],
    "faces":[43,0,1,3,2,0,0,1,2,3,0,0,0,0,43,2,3,5,4,0,4,2,5,6,1,1,1,1,43,4,5,7,6,0,6,5,7,8,2,2,2,2,43,6,7,9,8,0,8,7,9,10,3,3,3,3,43,8,9,11,10,0,11,12,13,14,4,4,4,4,43,23,24,13,12,0,15,16,17,18,5,5,5,5,42,20,0,2,0,31,19,20,6,6,6,42,2,4,6,0,20,21,22,7,7,7,42,6,8,10,0,22,23,24,8,8,8,42,10,22,23,0,24,25,26,9,9,9,42,23,12,14,0,26,27,28,10,10,10,42,14,16,18,0,28,29,30,11,11,11,42,18,20,2,0,30,31,20,12,12,12,42,2,6,10,0,20,22,24,13,13,13,42,10,23,14,0,24,26,28,14,14,14,42,14,18,2,0,28,30,20,15,15,15,42,2,10,14,0,20,24,28,16,16,16,43,12,13,15,14,0,18,17,12,11,17,17,17,17,43,14,15,17,16,0,32,33,34,35,18,18,18,18,43,16,17,19,18,0,35,34,36,37,19,19,19,19,43,1,0,20,21,0,1,0,38,39,20,20,20,20,43,18,19,21,20,0,40,41,39,38,21,21,21,21,42,5,3,1,0,54,42,43,22,22,22,42,1,21,19,0,43,44,45,23,23,23,42,19,17,15,0,45,46,47,24,24,24,42,15,13,24,0,47,48,49,25,25,25,42,24,25,11,0,49,50,51,26,26,26,42,11,9,7,0,51,52,53,27,27,27,42,7,5,1,0,53,54,43,28,28,28,42,1,19,15,0,43,45,47,29,29,29,42,15,24,11,0,47,49,51,30,30,30,42,11,7,1,0,51,53,43,31,31,31,42,1,15,11,0,43,47,51,32,32,32,43,22,25,29,26,0,55,56,57,15,33,33,33,33,43,10,11,25,22,0,14,13,58,59,34,34,34,34,43,28,27,26,29,0,60,61,62,58,35,35,35,35,43,23,22,26,27,0,63,64,65,66,36,36,36,36,43,24,23,27,28,0,67,68,56,55,37,37,37,37,43,25,24,28,29,0,64,63,60,69,38,38,38,38],
    "vertices":[0.129214,0.403881,-0.251722,0.087095,0.434553,-0.216238,0.270046,0.396473,-0.078156,0.227928,0.427145,-0.042671,0.347701,0.292437,0.103944,0.305582,0.323108,0.139428,0.341371,0.119649,0.245782,0.299252,0.15032,0.281266,0.244753,-0.106599,0.326659,0.202634,-0.075928,0.362144,0.109473,-0.225922,0.269225,0.067355,-0.19525,0.304709,-0.197633,-0.309718,-0.022868,-0.239751,-0.279047,0.012616,-0.28717,-0.251739,-0.179261,-0.329289,-0.221068,-0.143777,-0.272841,-0.047945,-0.338405,-0.314959,-0.017274,-0.302921,-0.184222,0.147296,-0.401977,-0.226341,0.177968,-0.366493,-0.03706,0.312676,-0.370249,-0.079179,0.343348,-0.334765,0.005941,-0.288263,0.200221,-0.113023,-0.320723,0.087072,-0.155142,-0.290052,0.122557,-0.036177,-0.257591,0.235706,-0.067404,-0.572554,0.358894,-0.186368,-0.605015,0.245745,-0.228487,-0.574343,0.28123,-0.109522,-0.541883,0.394379],
    "name":"Cylinder.015Geometry"
}