{
    "materials":[{
        "shading":"phong",
        "blending":"NormalBlending",
        "mapDiffuse":"perks.png",
        "mapDiffuseRepeat":[1,1],
        "wireframe":false,
        "DbgIndex":0,
        "depthTest":true,
        "colorSpecular":[0.052941,0.052941,0.052941],
        "vertexColors":false,
        "mapDiffuseAnisotropy":1,
        "opacity":1,
        "mapDiffuseWrap":["RepeatWrapping","RepeatWrapping"],
        "DbgName":"UNIFIED",
        "colorEmissive":[0.088941,0.088941,0.088941],
        "depthWrite":true,
        "transparent":false,
        "DbgColor":15658734,
        "visible":true,
        "specularCoef":50
    }],
    "metadata":{
        "materials":1,
        "version":3,
        "faces":22,
        "vertices":17,
        "normals":22,
        "uvs":1,
        "colors":0,
        "generator":"io_three",
        "type":"Geometry"
    },
    "normals":[-0.973436,0.222073,-0.055724,-0.34235,-0.909959,0.234034,-0.560692,0.680472,-0.471786,0.108702,0.650466,-0.751716,0.63554,0.176099,-0.751716,0.735353,-0.486491,-0.471786,-0.869188,-0.435591,0.234034,0.322608,-0.944891,-0.055724,0.865433,0.499722,0.036124,0.374173,0.415561,0.829037,0.374173,0.415561,0.829038,0.374173,0.415561,0.829037,0.374173,0.415561,0.829038,0.374173,0.415561,0.829038,0.374173,0.415561,0.829038,0.953896,-0.070538,0.291732,0.596019,-0.468001,0.652485,0.013626,-0.446306,0.894777,-0.445285,-0.033101,0.894777,-0.527738,0.543834,0.652485,-0.169861,0.941297,0.291732,0.406522,0.912927,0.036124],
    "uvs":[[0.918426,0.741818,0.936928,0.508932,0.953618,0.741818,0.891373,0.510433,0.918426,0.740056,0.857303,0.529951,0.775052,0.529951,0.836175,0.740056,0.753923,0.556053,0.809121,0.510433,0.836175,0.508932,0.953618,0.73625,0.988548,0.508932,0.988548,0.743557,0.918426,0.508932,0.836175,0.556053,0.99745,0.502627,0.99888,0.502627,0.99888,0.504057,0.99745,0.504057,0.994897,0.505999,0.995919,0.505575,0.996343,0.504553,0.995919,0.50353,0.994897,0.503106,0.993874,0.50353,0.99345,0.504553,0.993874,0.505575]],
    "colors":[],
    "faces":[42,7,3,8,0,0,1,2,0,0,0,42,0,3,1,0,3,4,5,1,1,1,42,6,3,7,0,6,7,8,2,2,2,42,5,3,6,0,9,7,6,3,3,3,42,4,3,5,0,10,7,9,4,4,4,42,2,3,4,0,11,12,13,5,5,5,42,8,3,0,0,14,4,3,6,6,6,42,1,3,2,0,5,4,15,7,7,7,43,8,0,9,16,0,16,17,18,19,8,8,8,8,42,16,9,10,0,27,20,21,9,9,9,42,10,11,12,0,21,22,23,10,10,10,42,12,13,14,0,23,24,25,11,11,11,42,14,15,16,0,25,26,27,12,12,12,42,16,10,12,0,27,21,23,13,13,13,42,12,14,16,0,23,25,27,14,14,14,43,7,8,16,15,0,16,17,18,19,15,15,15,15,43,6,7,15,14,0,16,17,18,19,16,16,16,16,43,5,6,14,13,0,16,17,18,19,17,17,17,17,43,4,5,13,12,0,16,17,18,19,18,18,18,18,43,2,4,12,11,0,16,17,18,19,19,19,19,19,43,1,2,11,10,0,16,17,18,19,20,20,20,20,43,0,1,10,9,0,16,17,18,19,21,21,21,21],
    "vertices":[-0.154651,-0.690039,-0.171758,0.251723,-0.595458,-0.348972,0.607703,-0.367119,-0.213966,-0.444294,0.984401,-0.493438,0.70476,-0.138781,0.154176,0.486038,-0.0442,0.5398,0.079663,-0.138781,0.717015,-0.276316,-0.367119,0.582009,-0.373373,-0.595458,0.213867,-0.131711,0.212003,-0.14628,-0.1003,0.219313,-0.159978,-0.072784,0.236963,-0.149542,-0.065282,0.254613,-0.121086,-0.082188,0.261923,-0.091279,-0.113599,0.254613,-0.077581,-0.141115,0.236963,-0.088017,-0.148617,0.219313,-0.116473],
    "name":"ConeGeometry"
}