{
    "materials":[{
        "shading":"phong",
        "blending":"NormalBlending",
        "mapDiffuse":"perks.png",
        "mapDiffuseRepeat":[1,1],
        "wireframe":false,
        "DbgIndex":0,
        "depthTest":true,
        "colorSpecular":[0.052941,0.052941,0.052941],
        "vertexColors":false,
        "mapDiffuseAnisotropy":1,
        "opacity":1,
        "mapDiffuseWrap":["RepeatWrapping","RepeatWrapping"],
        "DbgName":"UNIFIED",
        "colorEmissive":[0.088941,0.088941,0.088941],
        "depthWrite":true,
        "transparent":false,
        "DbgColor":15658734,
        "visible":true,
        "specularCoef":50
    }],
    "metadata":{
        "materials":1,
        "version":3,
        "faces":32,
        "vertices":22,
        "normals":31,
        "uvs":1,
        "colors":0,
        "generator":"io_three",
        "type":"Geometry"
    },
    "normals":[1e-06,-1,-0,1,1e-06,-0,1,1e-06,0,1,1e-06,0,1,1e-06,0,-1e-06,1,-0,-1e-06,1,-0,-1e-06,1,-0,-1e-06,1,0,-1e-06,1,-0,-1e-06,1,0,-1,-0,0,-1,-1e-06,1e-06,-1,-1e-06,-0,-1,-1e-06,0,-0,0,1,0,-0,-1,0,-0,-1,0,-0,-1,0,-0,-1,-1e-06,0.956554,-0.291556,-0.950164,0.293597,-0.104829,-0,0.376154,-0.926557,0,-0,-1,0.919802,1e-06,-0.392383,0,-0,-1,-0,0.498118,-0.867109,-0,0.376154,-0.926557,-0.895054,-1e-06,-0.445957,-0,0.498118,-0.867109,0.978697,0.191449,-0.074155],
    "uvs":[[0.019777,0.013014,0.019777,0.011309,0.020242,0.011309,0.020242,0.013014,0.019157,0.013789,0.019157,0.013479,0.019312,0.013324,0.019312,0.013014,0.019622,0.013014,0.019622,0.013789,0.020708,0.013014,0.020708,0.012859,0.020863,0.012859,0.020863,0.011619,0.020708,0.011463,0.020708,0.011309,0.021018,0.011309,0.021018,0.013014,0.020553,0.013014,0.020553,0.013324,0.020708,0.013479,0.020708,0.013789,0.020242,0.013789,0.019157,0.013014,0.019157,0.011309,0.020553,0.011309,0.020553,0.011619,0.020553,0.012859,0.005115,0.018034,0.005115,0.019275,0.004805,0.019275,0.004805,0.018034,0.002784,0.017462,0.003946,0.017904,0.002784,0.018794,0.004495,0.01943,0.00434,0.01943,0.00434,0.019275,0.005068,0.017629,0.005068,0.01887,0.004758,0.01887,0.004758,0.017629,0.003363,0.019335,0.003363,0.019645,0.019777,0.013324,0.019622,0.013324,0.004805,0.017724,0.00496,0.017724,0.005332,0.018827,0.003142,0.018889,0.004303,0.017999,0.019932,0.013014,0.020087,0.013014,0.020087,0.013324,0.019932,0.013324,0.003673,0.019645,0.003518,0.019645,0.003518,0.01949,0.003673,0.019335,0.004086,0.019117,0.005147,0.020221,0.003142,0.019813,0.00479,0.018795,0.00479,0.020126,0.003729,0.019022]],
    "colors":[],
    "faces":[43,1,0,4,5,0,2,3,0,1,0,0,0,0,42,1,5,13,0,9,4,5,1,1,1,42,14,6,2,0,6,7,8,2,2,2,42,1,13,14,0,9,5,6,3,3,3,42,14,2,1,0,6,8,9,4,4,4,42,2,6,20,0,17,10,11,5,5,5,42,2,20,9,0,17,11,12,6,6,6,42,18,7,3,0,14,15,16,7,7,7,42,2,9,11,0,17,12,13,8,8,8,42,11,18,3,0,13,14,16,9,9,9,42,11,3,2,0,13,16,17,10,10,10,42,3,7,16,0,3,18,19,11,11,11,42,16,12,4,0,19,20,21,12,12,12,42,4,0,3,0,21,22,3,13,13,13,42,16,4,3,0,19,21,3,14,14,14,43,0,1,2,3,0,1,0,23,24,15,15,15,15,42,4,12,10,0,2,25,26,16,16,16,42,8,13,5,0,27,18,3,17,17,17,42,4,10,8,0,2,26,27,18,18,18,42,8,5,4,0,27,3,2,19,19,19,43,17,15,8,10,0,28,29,30,31,20,20,20,20,42,15,21,8,0,32,33,34,21,21,21,42,14,13,8,0,35,36,37,22,22,22,43,11,9,15,17,0,38,39,40,41,23,23,23,23,43,18,11,17,19,0,42,42,43,43,24,24,24,24,43,20,6,14,21,0,0,44,45,8,25,25,25,25,42,12,16,10,0,46,47,31,26,26,26,42,14,8,21,0,48,49,50,27,27,27,43,7,18,19,16,0,51,52,53,54,25,25,25,25,43,9,20,21,15,0,55,56,57,58,28,28,28,28,42,19,10,16,0,59,60,61,29,29,29,42,17,10,19,0,62,63,64,30,30,30],
    "vertices":[-1.00397,-0.2043,-0.36282,0.996028,-0.2043,-0.362819,0.996027,-0.2043,0.428799,-1.00397,-0.2043,0.428798,-1.00397,0.279917,-0.36282,0.996028,0.279917,-0.362819,0.996027,0.17874,0.428799,-1.00397,0.136749,0.428798,0.680181,0.279917,-0.069648,0.676287,0.038769,0.428799,-0.744011,0.279917,-0.069649,-0.740118,0.038769,0.428798,-1.00397,0.279917,-0.069649,0.996027,0.279917,-0.069648,0.996027,0.17874,0.179575,0.676287,0.038769,0.003854,-1.00397,0.136749,0.179574,-0.740117,0.038769,0.003853,-0.781915,0.136749,0.428798,-0.781915,0.136749,0.179574,0.746027,0.17874,0.428799,0.746027,0.17874,0.179575],
    "name":"Cube.014Geometry.1"
}