{
    "materials":[{
        "shading":"phong",
        "blending":"NormalBlending",
        "mapDiffuse":"perks.png",
        "mapDiffuseRepeat":[1,1],
        "wireframe":false,
        "DbgIndex":0,
        "depthTest":true,
        "colorSpecular":[0.052941,0.052941,0.052941],
        "vertexColors":false,
        "mapDiffuseAnisotropy":1,
        "opacity":1,
        "mapDiffuseWrap":["RepeatWrapping","RepeatWrapping"],
        "DbgName":"UNIFIED",
        "colorEmissive":[0.088941,0.088941,0.088941],
        "depthWrite":true,
        "transparent":false,
        "DbgColor":15658734,
        "visible":true,
        "specularCoef":50
    }],
    "metadata":{
        "materials":1,
        "version":3,
        "faces":48,
        "vertices":44,
        "normals":37,
        "uvs":1,
        "colors":0,
        "generator":"io_three",
        "type":"Geometry"
    },
    "normals":[-1,0,-0,-1,-0,-0,-1,0,0,-0,-1,0,0,-1,-0,0,-1,0,1,0,-0,1,0,-0,-0,1,-0,0,1,0,0,1,-0,0.998006,0,0.063115,0,-0,-1,0,9e-05,-1,1,-0,-0,0,-8.8e-05,1,0,-0.999977,-0.006849,0,0.999977,0.006849,0.998039,0,0.062592,0,0,1,0,-0.998575,0.053373,0,0,1,0,0.998583,0.053209,0,0,1,-0,0,1,0.998483,0,0.055058,-0.998483,0,0.055058,0,0.998127,0.061186,0,-0.998583,0.053209,-0.998039,0,0.062592,0,0.998575,0.053373,0,-0.998127,0.061186,0.998493,0,0.054889,-0.998493,0,0.054889,0,-0.998157,0.060678,-0.998006,0,0.063115,0,0.998157,0.060678],
    "uvs":[[0.058247,0.006396,0.060621,0.005026,0.060621,0.002284,0.058247,0.000913,0.055872,0.002284,0.055872,0.005026,0.040672,0.017997,0.044468,0.017997,0.044468,0.021793,0.040672,0.021793,0.055459,0.002314,0.061573,0.002314,0.061573,0.005273,0.055459,0.005273,0.004854,0.011855,0.004854,0.0146,0.002108,0.0146,0.002108,0.011855,0.002492,0.012238,0.00447,0.012238,0.00447,0.014217,0.002492,0.014217,0.002108,0.009109,0.004854,0.009109]],
    "colors":[],
    "faces":[42,0,4,5,0,5,0,1,0,0,0,42,5,1,16,0,1,2,3,1,1,1,42,17,0,5,0,4,5,1,2,2,2,42,5,16,17,0,1,3,4,1,1,1,42,1,5,6,0,5,0,1,3,3,3,42,6,2,18,0,1,2,3,4,4,4,42,19,1,6,0,4,5,1,5,5,5,42,6,18,19,0,1,3,4,4,4,4,42,2,6,7,0,5,0,1,6,6,6,42,7,3,20,0,1,2,3,6,6,6,42,20,21,2,0,3,4,5,6,6,6,42,7,20,2,0,1,3,5,7,7,7,42,3,7,4,0,5,0,1,8,8,8,42,4,0,22,0,1,2,3,9,9,9,42,23,3,4,0,4,5,1,10,10,10,42,4,22,23,0,1,3,4,10,10,10,43,19,26,42,35,0,6,7,8,9,11,11,11,11,43,7,6,5,4,0,10,11,12,13,12,12,12,12,43,12,13,9,8,0,14,15,16,17,0,0,0,0,43,13,14,10,9,0,18,19,20,21,13,13,13,13,43,14,15,11,10,0,14,15,16,17,14,14,14,14,43,15,12,8,11,0,22,23,14,17,15,15,15,15,43,8,9,10,11,0,14,15,16,17,16,16,16,16,43,15,14,13,12,0,14,15,16,17,17,17,17,17,43,2,21,37,30,0,6,7,8,9,18,18,18,18,43,25,27,21,20,0,6,7,8,9,19,19,19,19,43,17,24,40,33,0,6,7,8,9,20,20,20,20,43,22,24,25,23,0,6,7,8,9,21,21,21,21,43,17,16,26,24,0,6,7,8,9,19,19,19,19,43,24,26,27,25,0,6,7,8,9,19,19,19,19,43,3,23,39,31,0,6,7,8,9,22,22,22,22,43,26,19,18,27,0,6,7,8,9,23,23,23,23,43,43,34,30,37,0,6,7,8,9,24,24,24,24,43,39,41,36,31,0,6,7,8,9,24,24,24,24,43,28,33,40,38,0,6,7,8,9,24,24,24,24,43,32,29,35,42,0,6,7,8,9,24,24,24,24,43,24,22,38,40,0,6,7,8,9,25,25,25,25,43,0,17,33,28,0,6,7,8,9,26,26,26,26,43,26,16,32,42,0,6,7,8,9,27,27,27,27,43,25,20,36,41,0,6,7,8,9,28,28,28,28,43,27,18,34,43,0,6,7,8,9,29,29,29,29,43,22,0,28,38,0,6,7,8,9,30,30,30,30,43,1,19,35,29,0,6,7,8,9,31,31,31,31,43,20,3,31,36,0,6,7,8,9,32,32,32,32,43,23,25,41,39,0,6,7,8,9,33,33,33,33,43,18,2,30,34,0,6,7,8,9,34,34,34,34,43,16,1,29,32,0,6,7,8,9,35,35,35,35,43,21,27,43,37,0,6,7,8,9,36,36,36,36],
    "vertices":[-0.76442,-0.005436,1.39285,-0.76442,-0.005436,-1.39744,0.764314,-0.005436,-1.39744,0.764314,-0.005436,1.39285,-0.76442,0.026023,1.39285,-0.76442,0.026022,-1.39744,0.764314,0.026022,-1.39744,0.764314,0.026023,1.39285,-0.76442,0.025883,-0.012056,-0.76442,0.207795,-0.01081,0.764314,0.207795,-0.01081,0.764314,0.025883,-0.012056,-0.76442,0.025881,0.006214,-0.76442,0.207794,0.00746,0.764314,0.207794,0.00746,0.764314,0.025881,0.006214,-0.76442,-0.005436,-1.28433,-0.76442,-0.005436,1.27974,0.647622,-0.005436,-1.39744,-0.647728,-0.005436,-1.39744,0.764314,-0.005436,1.27974,0.764314,-0.005436,-1.28433,-0.647728,-0.005436,1.39285,0.647622,-0.005436,1.39285,-0.647728,-0.005436,1.27974,0.647622,-0.005436,1.27974,-0.647728,-0.005436,-1.28433,0.647622,-0.005436,-1.28433,-0.73681,-0.506156,1.36608,-0.732754,-0.506156,-1.36675,0.732912,-0.506156,-1.367,0.736789,-0.506156,1.36617,-0.732754,-0.506156,-1.31503,-0.73681,-0.506156,1.3065,0.679024,-0.506156,-1.367,-0.679394,-0.506156,-1.36675,0.736789,-0.506156,1.30642,0.732912,-0.506156,-1.31477,-0.675338,-0.506156,1.36608,0.675147,-0.506156,1.36617,-0.675338,-0.506156,1.3065,0.675147,-0.506156,1.30642,-0.679394,-0.506156,-1.31503,0.679024,-0.506156,-1.31477],
    "name":"Cube.012Geometry"
}