{
    "materials":[{
        "shading":"phong",
        "blending":"NormalBlending",
        "mapDiffuse":"perks.png",
        "mapDiffuseRepeat":[1,1],
        "wireframe":false,
        "DbgIndex":0,
        "depthTest":true,
        "colorSpecular":[0.052941,0.052941,0.052941],
        "vertexColors":false,
        "mapDiffuseAnisotropy":1,
        "opacity":1,
        "mapDiffuseWrap":["RepeatWrapping","RepeatWrapping"],
        "DbgName":"UNIFIED",
        "colorEmissive":[0.088941,0.088941,0.088941],
        "depthWrite":true,
        "transparent":false,
        "DbgColor":15658734,
        "visible":true,
        "specularCoef":50
    }],
    "metadata":{
        "materials":1,
        "version":3,
        "faces":119,
        "vertices":96,
        "normals":37,
        "uvs":1,
        "colors":0,
        "generator":"io_three",
        "type":"Geometry"
    },
    "normals":[-1,0,-0,0,0,-1,0,-1,-0,-0,0,1,1,-0,-0,0,0,1,1,0,0,1,0,-0,-0,1,-0,0,1,0,-0,1,-0,0,0,-0,0,1,-0,-1,-0,-0,0,0,1,0,1,-0,-1,0,0,-0,1,-0,0,-1,0,0,-0,-1,0,-0,-1,0,-0,-1,0,-0,-1,0,-0,-1,0,-1,0,0,1,-0,0,1,0,-0,1,-0,0,1,-0,0,1,-0,0,1,-0,0,1,-0,-0,1,-0,0,1,-0,-0,1,-0,0,1,-0,0,1,-0],
    "uvs":[[0.032575,0.009697,0.032575,0.008557,0.033715,0.008557,0.033715,0.009697,0.034856,0.009697,0.034856,0.010838,0.033715,0.010838,0.035997,0.008557,0.035997,0.009697,0.034856,0.008557,0.033715,0.011979,0.032575,0.011979,0.032575,0.010838,0.02718,0.009271,0.027831,0.009271,0.027831,0.011025,0.02718,0.011025,0.041106,0.004839,0.040685,0.004839,0.040685,0.003706,0.041106,0.003706,0.028483,0.012779,0.028483,0.011025,0.028483,0.011902,0.045431,0.002467,0.044946,0.002467,0.029135,0.011025,0.028483,0.009271,0.029135,0.009271,0.027831,0.012779,0.02718,0.012779,0.041106,0.005971,0.040685,0.005971,0.034214,0.009245,0.033838,0.009245,0.033838,0.009621,0.034214,0.009621,0.033838,0.008656,0.033838,0.009031,0.034214,0.009031,0.027831,0.011902,0.043342,0.002318,0.043827,0.002318,0.045051,0.005777,0.044566,0.005777,0.044566,0.004472,0.045051,0.004472,0.027156,0.013004,0.026504,0.013004,0.026504,0.01125,0.027156,0.01125,0.01703,0.012915,0.01703,0.014489,0.016789,0.014489,0.016789,0.012915,0.0409,0.002971,0.040415,0.002971,0.029786,0.009271,0.029786,0.011025,0.04329,0.004543,0.043775,0.004543,0.043775,0.005848,0.04329,0.005848,0.040415,0.002486,0.0409,0.002486,0.029135,0.010148,0.025852,0.013004,0.025201,0.013004,0.025201,0.01125,0.025852,0.01125,0.029786,0.010148,0.005703,0.008801,0.005703,0.011374,0.00546,0.011374,0.00546,0.008801,0.025852,0.012127,0.017512,0.012915,0.017512,0.014489,0.017271,0.014489,0.017271,0.012915,0.017753,0.012915,0.017753,0.014489,0.028483,0.010148,0.027831,0.01343,0.028483,0.01343,0.029135,0.01343,0.025201,0.013655,0.025852,0.013655,0.026504,0.013655,0.027156,0.012127,0.027831,0.010148,0.022598,0.012915,0.021146,0.012915,0.021146,0.010797,0.022598,0.010797,0.018242,0.00868,0.019694,0.00868,0.019694,0.010797,0.018242,0.010797,0.019694,0.012915,0.019694,0.010797,0.016789,0.00868,0.018242,0.00868,0.016789,0.010797,0.001283,0.013948,0.001283,0.011374,0.003372,0.011374,0.003372,0.013948,0.00546,0.011374,0.00546,0.013948,0.003372,0.008801,0.001283,0.011374,0.001283,0.008801,0.005945,0.011374,0.005945,0.008801,0.006188,0.008801,0.006188,0.011374,0.00643,0.008801,0.00643,0.011374,0.034735,0.009621,0.034735,0.009245,0.03436,0.009245,0.03436,0.009031,0.034735,0.009031,0.034735,0.008656,0.03436,0.008656,0.03447,0.011315,0.037453,0.01133,0.036157,0.011612,0.036157,0.012991,0.036157,0.013775,0.036157,0.014635,0.037002,0.014635,0.037453,0.014999,0.035087,0.014635,0.035087,0.013775,0.035087,0.012991,0.035087,0.011612,0.034914,0.011597,0.059293,0.014008,0.059293,0.012338,0.060962,0.012338,0.060962,0.014008,0.042952,0.002335,0.042467,0.002335,0.03993,0.002971,0.041403,0.002318,0.041888,0.002318,0.056135,0.014017,0.056135,0.012427,0.057725,0.012427,0.057725,0.014017,0.041982,0.002335,0.042373,0.002803,0.041888,0.002803,0.044314,0.002513,0.043829,0.002513,0.059623,0.010402,0.059623,0.008952,0.061073,0.008952,0.061073,0.010402,0.041756,0.002804,0.041271,0.002804,0.045978,0.002316,0.045493,0.002316,0.043209,0.002659,0.043694,0.002659,0.056156,0.010451,0.056156,0.008903,0.057704,0.008903,0.057704,0.010451,0.040484,0.002224,0.039999,0.002224,0.042857,0.002803,0.043993,0.002404,0.044478,0.002404]],
    "colors":[],