{
    "materials":[{
        "shading":"phong",
        "blending":"NormalBlending",
        "mapDiffuse":"perks.png",
        "mapDiffuseRepeat":[1,1],
        "wireframe":false,
        "DbgIndex":0,
        "depthTest":true,
        "colorSpecular":[0.052941,0.052941,0.052941],
        "vertexColors":false,
        "mapDiffuseAnisotropy":1,
        "opacity":1,
        "mapDiffuseWrap":["RepeatWrapping","RepeatWrapping"],
        "DbgName":"UNIFIED",
        "colorEmissive":[0.088941,0.088941,0.088941],
        "depthWrite":true,
        "transparent":false,
        "DbgColor":15658734,
        "visible":true,
        "specularCoef":50
    }],
    "metadata":{
        "materials":1,
        "version":3,
        "faces":34,
        "vertices":38,
        "normals":34,
        "uvs":1,
        "colors":0,
        "generator":"io_three",
        "type":"Geometry"
    },
    "normals":[-0.946092,0.323898,-0,-0.323898,-0.946092,0,0.946092,-0.323898,0,0.323898,0.946092,-0,-0,0,1,-0,0,-1,-0.963459,-0.238415,-0.122083,0.393813,-0.460987,0.795237,0.947623,0.256952,0.1897,-0.632834,0.74078,0.225312,-0.220324,0.257906,0.940713,0.220324,-0.257906,-0.940713,-0.860442,-0.447531,-0.243631,0.635081,-0.74341,0.209794,0.928756,0.367564,-0.04805,-0.575904,0.674138,-0.462463,-0.94629,-0.257602,-0.195388,0.643026,-0.75271,-0.141232,0.964687,0.236067,0.116836,-0.436512,0.51097,-0.740518,-0.929818,-0.361797,0.067394,0.573254,-0.671036,0.470203,0.852726,0.452038,0.261762,-0.636249,0.744777,-0.201231,-0.401822,-0.895853,0.189699,0.385986,0.914391,-0.122083,-0.220323,0.257905,0.940714,0.220324,-0.257905,-0.940714,-0.508129,-0.85994,-0.04805,0.576443,0.779973,-0.243631,-0.383858,-0.915971,0.116836,0.402255,0.894435,-0.195388,-0.57969,-0.771648,0.261762,0.502598,0.861889,0.067394],
    "uvs":[[0.740009,0.64356,0.7196,0.64356,0.7196,0.590949,0.740009,0.590949,0.641345,0.751786,0.512884,0.751786,0.512884,0.603506,0.641345,0.603506,0.702989,0.748209,0.623018,0.748209,0.623018,0.542051,0.702989,0.542051,0.693737,0.980119,0.5183,0.980119,0.5183,0.777613,0.693737,0.777613,0.514971,0.545188,0.514971,0.510036,0.593478,0.510036,0.593478,0.545188,0.5954,0.55641,0.5954,0.592152,0.515576,0.592152,0.515576,0.55641,0.820563,0.791668,0.817029,0.791824,0.819842,0.787793,0.820661,0.787755,0.790712,0.784413,0.806983,0.784413,0.805991,0.787865,0.791704,0.787865,0.812763,0.802861,0.815487,0.802975,0.81297,0.806776,0.812861,0.806774,0.978041,0.819397,0.788895,0.819397,0.800431,0.769273,0.966505,0.769273,0.824368,0.799418,0.823867,0.800241,0.823867,0.787753,0.824368,0.788575,0.78993,0.788688,0.790432,0.787865,0.790432,0.800353,0.78993,0.799531,0.821133,0.80199,0.817583,0.802147,0.816067,0.796922,0.820435,0.79673,0.790625,0.774211,0.80707,0.774211,0.808267,0.779546,0.789428,0.779546,0.813333,0.792538,0.816067,0.792652,0.816067,0.797943,0.812635,0.797799,0.979054,0.937329,0.787882,0.937329,0.773974,0.878596,0.992962,0.878596,0.821764,0.806737,0.820945,0.806776,0.791704,0.769099,0.805991,0.769099,0.813964,0.787792,0.814073,0.787793,0.966505,0.986121,0.800431,0.986121,0.823287,0.791554,0.82077,0.787753,0.809229,0.802705,0.812042,0.806736,0.82487,0.800241,0.82487,0.787753,0.789428,0.787865,0.789428,0.800353,0.823867,0.801876,0.823867,0.796586,0.809783,0.792382,0.808267,0.797607,0.821873,0.806736,0.813145,0.787753]],
    "colors":[],
    "faces":[43,1,0,4,5,0,2,3,0,1,0,0,0,0,43,5,6,2,1,0,4,5,6,7,1,1,1,1,43,6,7,3,2,0,8,9,10,11,2,2,2,2,43,0,3,7,4,0,14,15,12,13,3,3,3,3,43,0,1,2,3,0,16,17,18,19,4,4,4,4,43,7,6,5,4,0,20,21,22,23,5,5,5,5,43,36,24,9,29,0,24,25,26,27,6,6,6,6,43,24,25,10,9,0,28,29,30,31,7,7,7,7,43,37,26,11,31,0,32,33,34,35,8,8,8,8,43,26,27,8,11,0,36,37,38,39,9,9,9,9,43,29,9,10,31,0,40,41,42,43,10,10,10,10,43,30,14,13,28,0,44,45,46,47,11,11,11,11,43,34,21,17,32,0,48,49,50,51,12,12,12,12,43,21,22,18,17,0,52,53,54,55,13,13,13,13,43,35,23,19,33,0,56,57,58,59,14,14,14,14,43,23,20,16,19,0,60,61,62,63,15,15,15,15,43,28,13,21,34,0,64,65,49,48,16,16,16,16,43,13,14,22,21,0,66,67,53,52,17,17,17,17,43,30,15,23,35,0,68,69,57,56,18,18,18,18,43,15,12,20,23,0,70,71,61,60,19,19,19,19,43,32,17,24,36,0,51,50,25,24,20,20,20,20,43,17,18,25,24,0,55,54,29,28,21,21,21,21,43,33,19,26,37,0,59,58,33,32,22,22,22,22,43,19,16,27,26,0,63,62,37,36,23,23,23,23,43,27,36,29,8,0,72,24,27,73,24,24,24,24,43,25,37,31,10,0,74,32,35,75,25,25,25,25,43,8,29,31,11,0,76,40,43,77,26,26,26,26,43,15,30,28,12,0,78,44,47,79,27,27,27,27,43,20,34,32,16,0,80,48,51,81,28,28,28,28,43,22,35,33,18,0,82,56,59,83,29,29,29,29,43,12,28,34,20,0,84,64,48,80,30,30,30,30,43,14,30,35,22,0,85,68,56,82,31,31,31,31,43,16,32,36,27,0,81,51,24,72,32,32,32,32,43,18,33,37,25,0,83,59,32,74,33,33,33,33],
    "vertices":[-0.536038,-0.516382,0.261596,-0.678558,-0.516382,-0.154699,0.251169,-0.516382,-0.472993,0.393688,-0.516382,-0.056699,-0.536038,0.617942,0.261596,-0.678558,0.617942,-0.154699,0.251169,0.617942,-0.472993,0.393688,0.617942,-0.056699,0.228821,-0.504758,0.318467,0.249019,-0.51597,0.294824,0.606833,-0.51597,0.600498,0.586635,-0.504758,0.624141,0.386637,0.16907,0.133731,0.406835,0.157857,0.110088,0.764649,0.157857,0.415762,0.744452,0.16907,0.439405,0.171321,-0.146028,0.270351,0.341099,-0.240277,0.071613,0.812921,-0.240277,0.474681,0.643143,-0.146028,0.673419,0.261696,0.032281,0.225236,0.39847,-0.043647,0.065133,0.810359,-0.043647,0.417003,0.673586,0.032281,0.577106,0.314562,-0.409863,0.167773,0.722085,-0.409863,0.515913,0.585878,-0.334249,0.675354,0.178354,-0.334249,0.327215,0.420298,0.163463,0.142038,0.262482,-0.510364,0.326774,0.730989,0.163463,0.407455,0.573172,-0.510364,0.592191,0.287279,-0.193153,0.197524,0.696962,-0.193153,0.547508,0.357206,-0.005683,0.168355,0.71485,-0.005683,0.473884,0.273294,-0.372056,0.270419,0.627146,-0.372056,0.572709],
    "name":"Cube.005Geometry"
}