{
    "materials":[{
        "shading":"phong",
        "blending":"NormalBlending",
        "mapDiffuse":"perks.png",
        "mapDiffuseRepeat":[1,1],
        "wireframe":false,
        "DbgIndex":0,
        "depthTest":true,
        "colorSpecular":[0.052941,0.052941,0.052941],
        "vertexColors":false,
        "mapDiffuseAnisotropy":1,
        "opacity":1,
        "mapDiffuseWrap":["RepeatWrapping","RepeatWrapping"],
        "DbgName":"UNIFIED",
        "colorEmissive":[0.088941,0.088941,0.088941],
        "depthWrite":true,
        "transparent":false,
        "DbgColor":15658734,
        "visible":true,
        "specularCoef":50
    }],
    "metadata":{
        "materials":1,
        "version":3,
        "faces":115,
        "vertices":79,
        "normals":115,
        "uvs":1,
        "colors":0,
        "generator":"io_three",
        "type":"Geometry"
    },
    "normals":[0.001688,-0.973063,0.230532,0.001668,-0.971403,0.237433,0.055453,-0.961291,0.269898,0.00333,-0.642556,-0.766231,0.003337,-0.69132,-0.722541,0.028447,-0.702375,-0.711239,0.00167,0.280081,-0.959975,-0.001714,0.975099,-0.221765,-0.001668,0.971403,-0.237432,0.103677,0.948338,-0.299842,-1,-0.000437,-0.000458,-1,-0.000437,-0.000459,-1,-0.000437,-0.000458,-1,-0.000437,-0.000458,-0.001669,-0.280081,0.959975,-0.003335,0.667428,0.744667,-0.003337,0.69132,0.722541,0.007477,0.696206,0.717804,1,0.000471,0.000341,0.999999,0.000264,0.001051,1,0.000289,0.000967,1,0.000212,0.000991,1,0.000281,0.001007,1,0.000472,0.000338,0.000233,0.695735,0.718299,0.000245,0.690619,0.723219,-0.053582,0.664729,0.745161,-0.001492,0.954077,-0.299557,-0.001422,0.971635,-0.236482,-0.026515,0.974916,-0.22099,-0.001668,0.281018,-0.959701,-0.000217,-0.702171,-0.712008,-0.000245,-0.69062,-0.723218,-0.105502,-0.637351,-0.763317,0.999999,-0.001507,-0.00077,0.999999,-0.001505,-0.000771,0.999999,-0.001506,-0.00077,0.999999,-0.001506,-0.00077,0.001667,-0.281018,0.959701,0.001458,-0.963419,0.267994,0.001422,-0.971635,0.236482,-0.009399,-0.973177,0.229866,-0.999999,0.001541,0.000653,-0.999998,0.001334,0.00136,-0.999998,0.001357,0.00128,-0.999998,0.001409,0.001341,-0.999998,0.001343,0.001317,-0.999999,0.001542,0.00065,0.000283,0.281015,-0.959703,0.000382,0.281123,-0.959672,0.000538,0.281065,-0.959689,0.000283,0.281077,-0.959685,0.000473,0.973742,0.227654,-0,-0.280548,0.95984,-0.000473,-0.943066,-0.332604,-0.000461,0.280563,-0.959835,-0.000349,0.280471,-0.959863,-0.000575,0.280359,-0.959895,-0.000453,0.280547,-0.95984,0.000453,0.28008,-0.959976,-0.006412,0.26788,-0.963431,0.000384,0.279972,-0.960008,0.000275,0.280022,-0.959993,-0,-0.279974,0.960008,0.000461,0.280383,-0.959888,0.000374,0.280842,-0.959754,0.000575,0.282847,-0.959165,0.000438,0.280585,-0.959829,-0.000218,0.280315,-0.959908,0.000368,0.280171,-0.95995,0.000368,0.280924,-0.95973,-0.000218,0.280781,-0.959772,1,-0.00095,-0.000277,0.000228,0.95984,0.280548,-1,-0.000312,-9.2e-05,-0.000227,-0.95984,-0.280548,0.706677,-0.679122,-0.198497,0.707536,0.678297,0.198257,-0.707142,0.678676,0.198367,-0.707072,-0.678743,-0.198387,-0.000326,0.95984,0.280548,1e-06,0.280548,-0.95984,-0.000129,-0.280566,0.959835,1,-0.00095,-0.000276,-0.469352,-0.240744,-0.84956,-0,-0.281126,0.959671,0.46876,-0.240523,-0.849948,-0.374348,0.834489,0.404341,0.483426,-0.594865,-0.642211,-0.483745,-0.595061,-0.641789,0.374806,0.834322,0.404261,0.00099,0.95984,0.280547,-0.000578,-0.280547,0.95984,-0.00013,-0.280529,0.959846,-0.000597,-0.329492,-0.944158,-0.064487,-0.536572,-0.841387,0.000218,0.281125,-0.959671,0.268476,-0.924601,-0.270248,0.064424,-0.536667,-0.841332,0.00022,0.279974,-0.960008,-0.268928,-0.92448,-0.270213,2e-06,0.281125,-0.959671,-2e-06,-0.281126,0.959671,-0.00099,-0.95984,-0.280548,-1e-06,-0.280548,0.95984,-1,0.00095,0.000276,1,-0.00095,-0.000276,-1,-0.000313,-9.2e-05,-1e-06,-0.280548,0.95984,1e-06,0.279974,-0.960008,-1e-06,-0.279973,0.960008,0.000326,-0.95984,-0.280548,1e-06,0.280548,-0.95984,-1,-0.000312,-9.2e-05,1,0.000312,9.2e-05],
    "uvs":[[0.036606,0.0048,0.035915,0.004799,0.035914,0.003758,0.036605,0.003759,0.036606,0.003939,0.035915,0.003237,0.036606,0.003238,0.036606,0.00367,0.036593,0.001157,0.037284,0.001156,0.037284,0.002196,0.036593,0.002198,0.037284,0.002717,0.036593,0.002719,0.036593,0.002606,0.034947,0.003237,0.033995,0.002717,0.033995,0.001676,0.034947,0.001156,0.035899,0.001676,0.035899,0.002717,0.035914,0.005841,0.036605,0.005842,0.036606,0.006363,0.035914,0.006362,0.035914,0.0048,0.036606,0.004801,0.035914,0.00498,0.034446,0.003237,0.034446,0.005094,0.033672,0.004686,0.033672,0.003645,0.457655,0.2207,0.445127,0.229341,0.431314,0.219129,0.431314,0.050774,0.445127,0.040538,0.457655,0.049153,0.032091,0.003663,0.032882,0.003237,0.032882,0.005129,0.032091,0.004704,0.036593,0.002718,0.035901,0.002717,0.035899,0.001676,0.036591,0.001677,0.036591,0.001857,0.035901,0.001156,0.036593,0.001156,0.036591,0.001587,0.036607,0.003239,0.037298,0.003237,0.037298,0.004278,0.036606,0.00428,0.037298,0.004799,0.036607,0.004801,0.036606,0.004688,0.033043,0.003237,0.032091,0.002717,0.032091,0.001676,0.033043,0.001156,0.033995,0.002717,0.03522,0.004278,0.035912,0.00428,0.035914,0.0048,0.035222,0.004799,0.035222,0.003237,0.035914,0.003239,0.035222,0.003417,0.03522,0.003645,0.03522,0.004686,0.064476,0.400055,0.063975,0.383718,0.078865,0.375568,0.210563,0.459702,0.211669,0.47807,0.198671,0.485784,0.032882,0.003663,0.033672,0.003237,0.033672,0.005129,0.032882,0.004704,0.045593,0.011803,0.0429,0.0118,0.043977,0.011262,0.044833,0.010777,0.045034,0.010777,0.045339,0.011326,0.043367,0.014522,0.0429,0.014522,0.0429,0.011804,0.043367,0.011803,0.0429,0.009088,0.040156,0.009086,0.040156,0.011804,0.0429,0.011801,0.043367,0.011804,0.043834,0.011803,0.043834,0.014516,0.043367,0.014516,0.0429,0.009088,0.043977,0.009608,0.044589,0.010325,0.044589,0.010544,0.045593,0.009086,0.045339,0.009544,0.045034,0.010092,0.044833,0.010093,0.009804,0.01822,0.009628,0.018218,0.009395,0.017244,0.010048,0.017249,0.045278,0.010545,0.045278,0.010325,0.765969,0.509043,0.781692,0.509048,0.781692,0.729826,0.765969,0.729822,0.856104,0.729822,0.838033,0.729827,0.838033,0.509048,0.856104,0.509043,0.910129,0.729826,0.894407,0.729822,0.894407,0.509043,0.910129,0.509047,0.82002,0.509048,0.838033,0.509043,0.838033,0.729822,0.82002,0.729827,0.948453,0.509043,0.986752,0.509043,0.986752,0.729822,0.948453,0.729822,0.894407,0.729822,0.894407,0.509043,0.948453,0.729826,0.948453,0.509048,0.012239,0.01724,0.011719,0.017244,0.011719,0.01683,0.012239,0.016826,0.036663,0.001793,0.037113,0.001793,0.037113,0.00292,0.036663,0.00292,0.009412,0.018461,0.008996,0.018574,0.011544,0.020396,0.011544,0.021139,0.011023,0.02114,0.011023,0.020396,0.01276,0.021281,0.01276,0.020935,0.013347,0.020774,0.009624,0.018938,0.0098,0.018939,0.010033,0.019913,0.009381,0.019909,0.013207,0.021443,0.012903,0.021443,0.012218,0.018506,0.011023,0.018473,0.009517,0.020432,0.010038,0.020791,0.009517,0.021764,0.008996,0.021765,0.008996,0.020432,0.009517,0.021405,0.012239,0.019884,0.011719,0.019888,0.012239,0.020392,0.011719,0.020396,0.009411,0.018692,0.057956,0.012004,0.058617,0.010671,0.058617,0.012005,0.01341,0.017683,0.01341,0.01694,0.010038,0.021764,0.058617,0.013337,0.012606,0.018924,0.013776,0.01881,0.012606,0.019667,0.009517,0.020432,0.01386,0.01694,0.01386,0.017683,0.010031,0.020426,0.009378,0.020421,0.033812,0.005136,0.033812,0.004542,0.034262,0.004542,0.034262,0.005136,0.033284,0.004536,0.033286,0.004024,0.034276,0.00403,0.034274,0.004542,0.033291,0.004542,0.033812,0.005669,0.033291,0.005669,0.034276,0.00525,0.034797,0.00525,0.034797,0.006377,0.034276,0.006377,0.011544,0.02114,0.011545,0.020396,0.012066,0.020396,0.012065,0.021139,0.033301,0.001359,0.033304,0.000942,0.034276,0.00095,0.034274,0.001367,0.012239,0.019667,0.012239,0.018924,0.009398,0.016826,0.010051,0.016831,0.034179,0.005136,0.034179,0.005729,0.033812,0.005729,0.035492,0.003777,0.035859,0.003777,0.035859,0.004885,0.035492,0.004885,0.034797,0.00525,0.035318,0.00525,0.035319,0.006357,0.034798,