{
    "materials":[{
        "shading":"phong",
        "blending":"NormalBlending",
        "mapDiffuse":"perks.png",
        "mapDiffuseRepeat":[1,1],
        "wireframe":false,
        "DbgIndex":0,
        "depthTest":true,
        "colorSpecular":[0.052941,0.052941,0.052941],
        "vertexColors":false,
        "mapDiffuseAnisotropy":1,
        "opacity":1,
        "mapDiffuseWrap":["RepeatWrapping","RepeatWrapping"],
        "DbgName":"UNIFIED",
        "colorEmissive":[0.088941,0.088941,0.088941],
        "depthWrite":true,
        "transparent":false,
        "DbgColor":15658734,
        "visible":true,
        "specularCoef":50
    }],
    "metadata":{
        "materials":1,
        "version":3,
        "faces":182,
        "vertices":166,
        "normals":180,
        "uvs":1,
        "colors":0,
        "generator":"io_three",
        "type":"Geometry"
    },
    "normals":[-0,1,-0,-0.252536,0.542083,0.801481,0.054427,0.215686,-0.974945,0.358202,0.598088,-0.716925,-0,-1,-0,0.358201,-0.598088,-0.716926,0.246052,0.969257,-0,0.043306,-0.575332,0.816773,0.043306,-0.575332,-0.816773,0.043306,0.575332,0.816773,0.043306,0.575332,-0.816773,0.451085,-0,0.892481,-0.168273,-0.351561,0.920917,0.055617,-0.066012,0.996268,0.064155,-0.037482,0.997236,0,0.608357,0.793663,0,0.608357,-0.793664,0,-0.608357,-0.793664,0.358202,0.598088,0.716925,0.246052,-0.969257,-0,0.358201,-0.598089,0.716925,0.452511,-0,-0.891759,0.452512,0,0.891758,-1,0,0,-1,0,-0,-1,-0,-0,-1,0,0,-0.65744,0,0.753507,-0.657439,-0,-0.753508,0,-0.608357,0.793663,0,-1,-0,0,-0,-1,0,0,1,0,0,1,-0.657439,0,0.753507,0.452512,-0,0.891758,0.05563,0.062324,0.996504,0.405713,0.437096,0.802711,0.06416,0.035383,0.997312,0.090936,0,0.995857,0,0,1,-0.65744,-0,0.753507,0.452512,1e-06,0.891758,0.451085,1e-06,0.892481,-0.072099,0.361178,0.929706,-0.155928,-0.08599,0.984018,-0.182283,0.216353,0.959148,-0.127911,-0,-0.991786,0.57418,0.458686,-0.678177,0.593623,0.804743,-0,0.560257,0.308966,-0.768539,0.481361,0.533368,0.695565,0.236686,0,0.971586,0.236686,0,0.971586,0.236686,0,0.971586,0.236686,0,0.971586,-0.156753,0.091583,0.983383,-0.256526,-0.541495,0.800611,-0.292848,0.956159,-0,-0.084817,-0,0.996397,-0.159947,0.175701,-0.971363,-0.162408,-0.179955,-0.970175,-0.067871,-0.380607,0.922243,-0.242752,0.543484,-0.803553,-0.299709,-0.954031,-0,-0.139252,0.075297,-0.98739,-0.140187,-0.076462,-0.987168,-0.180351,-0.202051,0.962626,-0.246773,-0.542915,-0.802712,0.644241,-0.764653,0.016123,0.45433,-0.499081,0.737904,1,0,-0,0.796425,-0.5997,-0.077898,0.983515,0.166325,0.070947,0.876793,0.480862,0.002219,0.871789,-0.489638,0.015487,0.447265,0.501081,-0.740859,0.669984,0.742372,0.002283,0.792486,0.60481,0.078562,0.350275,-0.272928,-0.896001,0.463507,0.496426,0.733977,0.568074,-0.331896,-0.753085,0.376594,0,-0.926379,0.572185,-0.459468,-0.679333,0.470439,-0.516777,0.715283,0.335759,0.292936,-0.89524,0.460979,-0.497164,0.735069,0.304441,-0.16462,0.938198,0.608363,-0.722068,-0.329412,0.307629,0.167789,0.936595,0.250091,0.968222,-0,0.613319,0.687114,-0.389504,0.982508,-0.165232,0.085889,0.700844,0,-0.713315,0.887769,-0,-0.460289,-0.201884,-0.971672,0.122867,-0.300961,-0.903102,0.306317,0.201807,-0.979124,0.024279,-0.00449,0.999979,0.004563,0.151964,0.969132,0.194142,-0.000537,0.999983,0.005706,-0.154104,-0,0.988055,0.989794,0,0.142505,0.055633,0.061643,-0.996547,0.055635,-0.061114,-0.996579,0.064162,-0.034694,-0.997336,0.064161,0.034995,-0.997326,0.090936,-0,-0.995857,0.090936,-0,-0.995857,-0.407223,-0,-0.913329,0.83401,0.454892,0.312252,0.398612,-0.437875,0.805837,0.806097,0,-0.591783,0.394061,0.436635,0.808743,0.838749,-0.453537,0.301338,0.054423,-0.21601,-0.974873,-0.563743,0.379806,-0.733445,0.806097,-0,-0.591784,0.806096,-0,-0.591785,0.806096,-0,-0.591785,0.009116,-0.273398,-0.961858,-0.564086,0,-0.825716,-0.564155,-0.378154,-0.733982,0.654682,0,0.755905,-0.59001,0,0.807396,-0.012587,0,0.999921,0.009112,0.274688,-0.96149,0.006462,0,-0.999979,0.83,0.528524,-0.178218,0.590877,0.257762,-0.764476,0.628921,0,-0.777469,0.591076,-0.25654,-0.764733,0.81697,-0.121657,0.563701,0.332048,-0.426992,-0.841084,0.176409,-0.984317,-0,0.311322,-0.627919,0.7133,-0.063259,-0.271195,-0.960443,0.522148,0.852855,-0,0.84676,0.139946,-0.513237,-0.17059,-0.985342,-0,-0.244272,-0.969707,-0,-0.227164,-0.973857,-0,-0.137502,-0.589476,0.795997,0.227163,0.973857,-0,-0.427501,0,0.904015,0.96619,0,-0.257832,0.831176,-0.526488,-0.178763,-0.958762,0,0.284211,-0.136181,-0.065197,-0.988536,-0.109844,-0.513876,0.850803,0.182524,0.983201,-0,-0.047916,-0.224163,-0.973373,-0.388928,-0.080972,0.917703,-0.897791,-0.440422,-0,-0.335393,-0.16057,0.928294,0.905894,0.423506,-0,-0.376078,0.086219,0.922568,0.979431,0.201779,-0,-0.159436,-0.033193,-0.98665,-0.978572,-0.205906,-0,-0.154557,0.085007,-0.98432,0.976353,-0.216181,-0,-0.15349,0.035189,-0.987523,-0.972898,0.231233,-0,-0.121554,0.314565,0.941421,-0.889852,0.456249,-0,-0.3727,0.204987,0.905028,0.863375,-0.504563,-0,0.175991,-0.984392,-0,0.360444,-0.932781,-0,-0.048778,0.126231,-0.990801,-0.360445,0.932781,-0,0.002823,0.128982,-0.991643,0.124315,0.134098,-0.98314,-0.083022,0.996548,-0,0.093182,0.325406,0.940972,-0.998692,-0.051129,-0,0.021884,0.999761,-0,0.007066,0.322854,0.946422,-0.02188,-0.999761,-0],
    "uvs":[[0.033065,0.009306,0.038272,0.009306,0.038272,0.014512,0.033065,0.014512,0.055815,0.016554,0.06164,0.016554,0.06164,0.022379,0.055815,0.022379,0.055931,0.017251,0.061137,0.017251,0.061137,0.022457,0.055931,0.022457,0.032484,0.00078,0.037691,0.00078,0.037691,0.005986,0.032484,0.005986,0.058728,0.022379,0.06125,0.020923,0.06125,0.01801,0.058728,0.016554,0.056206,0.01801,0.056206,0.020923,0.031981,0.000858,0.037806,0.000858,0.037806,0.006683,0.031981,0.006683,0.034893,0.006683,0.037416,0.005227,0.037416,0.002315,0.034893,0.000858,0.032371,0.002315,0.032371,0.005227,0.024036,0.000858,0.029861,0.000858,0.029861,0.006683,0.024036,0.006683,0.061498,0.020366,0.06044,0.01711,0.057016,0.01711,0.055958,0.020366,0.035669,0.014512,0.037509,0.01375,0.038272,0.011909,0.037509,0.010068,0.035669,0.009306,0.033828,0.010068,0.033065,0.011909,0.033828,0.01375,0.032175,0.000858,0.038,0.000858,0.038,0.006683,0.032175,0.006683,0.032369,0.00144,0.038193,0.00144,0.038193,0.007264,0.032369,0.007264,0.016673,0.008609,0.022498,0.008609,0.022498,0.014434,0.016673,0.014434]],
    "colors":[],